[2026-05-04T15:13:04.435Z] GET https://docs.openclaw.ai/plugins/sdk-channel-plugins → pending (?ms, ?B)
[2026-05-04T15:13:04.836Z] GET https://docs.openclaw.ai/mintlify-assets/_next/static/media/bb3ef058b751a6ad-s.p.woff2 → 200 (38ms, 40480B)
[2026-05-04T15:13:04.836Z] GET https://docs.openclaw.ai/mintlify-assets/_next/static/media/c4b700dcb2187787-s.p.woff2 → 200 (36ms, 51636B)
[2026-05-04T15:13:04.836Z] GET https://docs.openclaw.ai/mintlify-assets/_next/static/media/e4af272ccee01ff0-s.p.woff2 → 200 (36ms, 48432B)
[2026-05-04T15:13:04.836Z] GET https://mintcdn.com/clawdhub/dpADRo8IUoiDztzJ/assets/pixel-lobster.svg?fit=max&auto=format&n=dpADRo8IUoiDztzJ&q=85&s=8fdf719fb6d3eaad7c65231385bf28e5 → 200 (115ms, 2134B)
[2026-05-04T15:13:04.836Z] GET https://d3gk2c5xim1je2.cloudfront.net/flags/US.svg → 200 (53ms, 1356B)
[2026-05-04T15:13:04.837Z] GET https://docs.openclaw.ai/mintlify-assets/_next/static/css/2b0e6d1f6a2b7a1a.css?dpl=dpl_3Sdq3DEDRjZ8czrKr5KX7Z4eN9kb → 200 (23ms, 238032B)
[2026-05-04T15:13:04.837Z] GET https://docs.openclaw.ai/mintlify-assets/_next/static/css/6f9b80d484ead711.css?dpl=dpl_3Sdq3DEDRjZ8czrKr5KX7Z4eN9kb → 200 (21ms, 23777B)
[2026-05-04T15:13:04.837Z] GET https://docs.openclaw.ai/mintlify-assets/_next/static/css/05d6d8fcb903870d.css?dpl=dpl_3Sdq3DEDRjZ8czrKr5KX7Z4eN9kb → 200 (23ms, 15790B)
[2026-05-04T15:13:04.841Z] GET https://docs.openclaw.ai/mintlify-assets/_next/static/chunks/webpack-0dda57514400ea23.js?dpl=dpl_3Sdq3DEDRjZ8czrKr5KX7Z4eN9kb → 200 (68ms, 24713B)
[2026-05-04T15:13:04.841Z] GET https://docs.openclaw.ai/mintlify-assets/_next/static/chunks/87c73c54-09e1ba5c70e60a51.js?dpl=dpl_3Sdq3DEDRjZ8czrKr5KX7Z4eN9kb → 200 (78ms, 173023B)
[2026-05-04T15:13:04.841Z] GET https://docs.openclaw.ai/mintlify-assets/_next/static/chunks/90018-eb5250b945bdda19.js?dpl=dpl_3Sdq3DEDRjZ8czrKr5KX7Z4eN9kb → 200 (67ms, 173408B)
[2026-05-04T15:13:04.841Z] GET https://docs.openclaw.ai/mintlify-assets/_next/static/chunks/main-app-76ddd9525ef90e67.js?dpl=dpl_3Sdq3DEDRjZ8czrKr5KX7Z4eN9kb → 200 (64ms, 574B)
[2026-05-04T15:13:04.841Z] GET https://docs.openclaw.ai/mintlify-assets/_next/static/chunks/891cff7f-38ce37d594f7da31.js?dpl=dpl_3Sdq3DEDRjZ8czrKr5KX7Z4eN9kb → 200 (73ms, 325459B)
[2026-05-04T15:13:04.841Z] GET https://docs.openclaw.ai/mintlify-assets/_next/static/chunks/51288-0fb44d6be82e9af5.js?dpl=dpl_3Sdq3DEDRjZ8czrKr5KX7Z4eN9kb → 200 (65ms, 6945B)
[2026-05-04T15:13:04.841Z] GET https://docs.openclaw.ai/mintlify-assets/_next/static/chunks/14079-4865f1ab1b5bbf4b.js?dpl=dpl_3Sdq3DEDRjZ8czrKr5KX7Z4eN9kb → 200 (77ms, 67665B)
[2026-05-04T15:13:04.841Z] GET https://docs.openclaw.ai/mintlify-assets/_next/static/chunks/78238-22782f5aac7a6ef4.js?dpl=dpl_3Sdq3DEDRjZ8czrKr5KX7Z4eN9kb → 200 (110ms, 53453B)
[2026-05-04T15:13:04.841Z] GET https://docs.openclaw.ai/mintlify-assets/_next/static/chunks/95115-7f3830b22524c9f1.js?dpl=dpl_3Sdq3DEDRjZ8czrKr5KX7Z4eN9kb → 200 (74ms, 76906B)
[2026-05-04T15:13:04.842Z] GET https://docs.openclaw.ai/mintlify-assets/_next/static/chunks/93247-b07c7244bb0ac0f8.js?dpl=dpl_3Sdq3DEDRjZ8czrKr5KX7Z4eN9kb → 200 (88ms, 197905B)
[2026-05-04T15:13:04.842Z] GET https://docs.openclaw.ai/mintlify-assets/_next/static/chunks/98816-4875194b6205382d.js?dpl=dpl_3Sdq3DEDRjZ8czrKr5KX7Z4eN9kb → 200 (76ms, 56140B)
[2026-05-04T15:13:04.842Z] GET https://docs.openclaw.ai/mintlify-assets/_next/static/chunks/80239-ce217fc534a5bb94.js?dpl=dpl_3Sdq3DEDRjZ8czrKr5KX7Z4eN9kb → 200 (76ms, 43624B)
[2026-05-04T15:13:04.842Z] GET https://docs.openclaw.ai/mintlify-assets/_next/static/chunks/19664-8ce43df6b74bea12.js?dpl=dpl_3Sdq3DEDRjZ8czrKr5KX7Z4eN9kb → 200 (71ms, 8556B)
[2026-05-04T15:13:04.842Z] GET https://docs.openclaw.ai/mintlify-assets/_next/static/chunks/8685-3edaeb533c1369b7.js?dpl=dpl_3Sdq3DEDRjZ8czrKr5KX7Z4eN9kb → 200 (74ms, 33429B)
[2026-05-04T15:13:04.842Z] GET https://docs.openclaw.ai/mintlify-assets/_next/static/chunks/55016-5137c69187630db9.js?dpl=dpl_3Sdq3DEDRjZ8czrKr5KX7Z4eN9kb → 200 (88ms, 350724B)
[2026-05-04T15:13:04.842Z] GET https://docs.openclaw.ai/mintlify-assets/_next/static/chunks/75862-0e7c90644ebfd048.js?dpl=dpl_3Sdq3DEDRjZ8czrKr5KX7Z4eN9kb → 200 (88ms, 15495B)
[2026-05-04T15:13:04.842Z] GET https://docs.openclaw.ai/mintlify-assets/_next/static/chunks/71251-28f76702905f8b9a.js?dpl=dpl_3Sdq3DEDRjZ8czrKr5KX7Z4eN9kb → 200 (88ms, 16893B)
[2026-05-04T15:13:04.842Z] GET https://docs.openclaw.ai/mintlify-assets/_next/static/chunks/app/error-904203083e579f01.js?dpl=dpl_3Sdq3DEDRjZ8czrKr5KX7Z4eN9kb → 200 (94ms, 458B)
[2026-05-04T15:13:04.842Z] GET https://docs.openclaw.ai/mintlify-assets/_next/static/chunks/db261188-d8199d2c7818f473.js?dpl=dpl_3Sdq3DEDRjZ8czrKr5KX7Z4eN9kb → 200 (119ms, 268238B)
[2026-05-04T15:13:04.842Z] GET https://docs.openclaw.ai/mintlify-assets/_next/static/chunks/d30757c7-4504080d72b51329.js?dpl=dpl_3Sdq3DEDRjZ8czrKr5KX7Z4eN9kb → 200 (88ms, 6022B)
[2026-05-04T15:13:04.842Z] GET https://docs.openclaw.ai/mintlify-assets/_next/static/chunks/50867-b9f0047192ea1561.js?dpl=dpl_3Sdq3DEDRjZ8czrKr5KX7Z4eN9kb → 200 (95ms, 255483B)
[2026-05-04T15:13:04.842Z] GET https://docs.openclaw.ai/mintlify-assets/_next/static/chunks/37154-f1541a8c0dc3fc4f.js?dpl=dpl_3Sdq3DEDRjZ8czrKr5KX7Z4eN9kb → 200 (92ms, 261548B)
[2026-05-04T15:13:04.842Z] GET https://docs.openclaw.ai/mintlify-assets/_next/static/chunks/96613-d9098930227907bd.js?dpl=dpl_3Sdq3DEDRjZ8czrKr5KX7Z4eN9kb → 200 (95ms, 11030B)
[2026-05-04T15:13:04.842Z] GET https://docs.openclaw.ai/mintlify-assets/_next/static/chunks/66220-dc719718f3803595.js?dpl=dpl_3Sdq3DEDRjZ8czrKr5KX7Z4eN9kb → 200 (122ms, 800258B)
[2026-05-04T15:13:04.842Z] GET https://docs.openclaw.ai/mintlify-assets/_next/static/chunks/74902-aede07e132d9c71f.js?dpl=dpl_3Sdq3DEDRjZ8czrKr5KX7Z4eN9kb → 200 (95ms, 35538B)
[2026-05-04T15:13:04.843Z] GET https://docs.openclaw.ai/mintlify-assets/_next/static/chunks/68789-aa7dbc2fe57d93b1.js?dpl=dpl_3Sdq3DEDRjZ8czrKr5KX7Z4eN9kb → 200 (120ms, 54703B)
[2026-05-04T15:13:04.843Z] GET https://docs.openclaw.ai/mintlify-assets/_next/static/chunks/24253-97a943a955ad7b14.js?dpl=dpl_3Sdq3DEDRjZ8czrKr5KX7Z4eN9kb → 200 (120ms, 18486B)
[2026-05-04T15:13:04.843Z] GET https://docs.openclaw.ai/mintlify-assets/_next/static/chunks/67313-113d94c737a76db1.js?dpl=dpl_3Sdq3DEDRjZ8czrKr5KX7Z4eN9kb → 200 (121ms, 146814B)
[2026-05-04T15:13:04.843Z] GET https://docs.openclaw.ai/mintlify-assets/_next/static/chunks/73205-1667aa76af26a306.js?dpl=dpl_3Sdq3DEDRjZ8czrKr5KX7Z4eN9kb → 200 (121ms, 42712B)
[2026-05-04T15:13:04.843Z] GET https://docs.openclaw.ai/mintlify-assets/_next/static/chunks/20660-8c2743f8a47ba084.js?dpl=dpl_3Sdq3DEDRjZ8czrKr5KX7Z4eN9kb → 200 (159ms, 6475271B)
[2026-05-04T15:13:04.843Z] GET https://docs.openclaw.ai/mintlify-assets/_next/static/chunks/21749-3ca479933d49c653.js?dpl=dpl_3Sdq3DEDRjZ8czrKr5KX7Z4eN9kb → 200 (123ms, 147081B)
[2026-05-04T15:13:04.843Z] GET https://docs.openclaw.ai/mintlify-assets/_next/static/chunks/3433-882017849d90a548.js?dpl=dpl_3Sdq3DEDRjZ8czrKr5KX7Z4eN9kb → 200 (124ms, 116446B)
[2026-05-04T15:13:04.843Z] GET https://docs.openclaw.ai/mintlify-assets/_next/static/chunks/app/%255Fsites/%5Bsubdomain%5D/(multitenant)/layout-4c0943b42989c54c.js?dpl=dpl_3Sdq3DEDRjZ8czrKr5KX7Z4eN9kb → 200 (93ms, 286B)
[2026-05-04T15:13:04.843Z] GET https://docs.openclaw.ai/mintlify-assets/_next/static/chunks/3351-f655818da0318398.js?dpl=dpl_3Sdq3DEDRjZ8czrKr5KX7Z4eN9kb → 200 (123ms, 15575B)
[2026-05-04T15:13:04.843Z] GET https://docs.openclaw.ai/mintlify-assets/_next/static/chunks/app/%255Fsites/%5Bsubdomain%5D/not-found-1c8d41b8e0250ec9.js?dpl=dpl_3Sdq3DEDRjZ8czrKr5KX7Z4eN9kb → 200 (93ms, 202B)
[2026-05-04T15:13:04.843Z] GET https://docs.openclaw.ai/mintlify-assets/_next/static/chunks/60002-95c0c40f9f9c8646.js?dpl=dpl_3Sdq3DEDRjZ8czrKr5KX7Z4eN9kb → 200 (94ms, 94906B)
[2026-05-04T15:13:04.843Z] GET https://docs.openclaw.ai/mintlify-assets/_next/static/chunks/app/layout-68c7869c00b4865b.js?dpl=dpl_3Sdq3DEDRjZ8czrKr5KX7Z4eN9kb → 200 (93ms, 2300B)
[2026-05-04T15:13:04.843Z] GET https://docs.openclaw.ai/mintlify-assets/_next/static/chunks/app/%255Fsites/%5Bsubdomain%5D/error-b4aabeed68299375.js?dpl=dpl_3Sdq3DEDRjZ8czrKr5KX7Z4eN9kb → 200 (87ms, 457B)
[2026-05-04T15:13:04.843Z] GET https://docs.openclaw.ai/mintlify-assets/_next/static/chunks/881-be1f5ebf6e52da59.js?dpl=dpl_3Sdq3DEDRjZ8czrKr5KX7Z4eN9kb → 200 (94ms, 104734B)
[2026-05-04T15:13:04.843Z] GET https://docs.openclaw.ai/mintlify-assets/_next/static/chunks/app/%255Fsites/%5Bsubdomain%5D/(multitenant)/%5B%5B...slug%5D%5D/page-aacd5811fc3c90d2.js?dpl=dpl_3Sdq3DEDRjZ8czrKr5KX7Z4eN9kb → 200 (123ms, 1737B)
[2026-05-04T15:13:04.843Z] GET https://docs.openclaw.ai/mintlify-assets/_next/static/chunks/8923-bf6bf01a29afab7f.js?dpl=dpl_3Sdq3DEDRjZ8czrKr5KX7Z4eN9kb → 200 (125ms, 43103B)
[2026-05-04T15:13:04.843Z] GET https://docs.openclaw.ai/mintlify-assets/_next/static/chunks/app/%255Fsites/%5Bsubdomain%5D/(multitenant)/%40topbar/%5B%5B...slug%5D%5D/page-6812930c7edb541b.js?dpl=dpl_3Sdq3DEDRjZ8czrKr5KX7Z4eN9kb → 200 (125ms, 1585B)
[2026-05-04T15:13:04.843Z] GET https://docs.openclaw.ai/mintlify-assets/_next/static/chunks/app/%255Fsites/%5Bsubdomain%5D/(multitenant)/not-found-dca22644b5cda74c.js?dpl=dpl_3Sdq3DEDRjZ8czrKr5KX7Z4eN9kb → 200 (94ms, 9192B)
[2026-05-04T15:13:04.843Z] GET https://d4tuoctqmanu0.cloudfront.net/katex.min.css → 200 (57ms, 23112B)
[2026-05-04T15:13:04.843Z] GET https://fonts.googleapis.com/css2?family=DM+Sans:ital,wght@0,400;0,500;0,600;0,700;0,800;1,400;1,500;1,600;1,700;1,800&display=swap → 200 (155ms, 8735B)
[2026-05-04T15:13:04.843Z] GET https://fonts.googleapis.com/css2?family=Fragment+Mono:ital,wght@0,400;0,500;0,600;0,700;0,800;1,400;1,500;1,600;1,700;1,800&display=swap → 200 (155ms, 2420B)
[2026-05-04T15:13:05.227Z] GET https://d3gk2c5xim1je2.cloudfront.net/v7.1.0/brands/github.svg → 200 (1ms, 1587B)
[2026-05-04T15:13:05.227Z] GET https://d3gk2c5xim1je2.cloudfront.net/lucide/v0.545.0/package.svg → 200 (2ms, 446B)
[2026-05-04T15:13:05.227Z] GET https://d3gk2c5xim1je2.cloudfront.net/v7.1.0/brands/discord.svg → 200 (2ms, 1447B)
[2026-05-04T15:13:05.228Z] GET https://fonts.gstatic.com/s/fragmentmono/v6/4iCr6K5wfMRRjxp0DA6-2CLnB4NHhg.woff2 → 200 (220ms, 25224B)
[2026-05-04T15:13:05.228Z] GET https://fonts.gstatic.com/s/dmsans/v17/rP2Yp2ywxg089UriI5-g4vlH9VoD8Cmcqbu0-K4.woff2 → 200 (221ms, 36932B)
[2026-05-04T15:13:05.228Z] GET https://d3gk2c5xim1je2.cloudfront.net/v7.1.0/solid/caret-right.svg → 200 (2ms, 432B)
[2026-05-04T15:13:05.228Z] GET https://d3gk2c5xim1je2.cloudfront.net/lucide/v0.545.0/git-branch.svg → 200 (4ms, 351B)
[2026-05-04T15:13:05.228Z] GET https://d3gk2c5xim1je2.cloudfront.net/lucide/v0.545.0/puzzle.svg → 200 (3ms, 685B)
[2026-05-04T15:13:05.228Z] GET https://d3gk2c5xim1je2.cloudfront.net/lucide/v0.545.0/crosshair.svg → 200 (5ms, 412B)
[2026-05-04T15:13:05.228Z] GET https://d3gk2c5xim1je2.cloudfront.net/lucide/v0.545.0/settings.svg → 200 (5ms, 586B)
[2026-05-04T15:13:05.228Z] GET https://d3gk2c5xim1je2.cloudfront.net/lucide/v0.545.0/bolt.svg → 200 (5ms, 380B)
[2026-05-04T15:13:05.446Z] GET https://docs.openclaw.ai/mintlify-assets/_next/static/chunks/93940.4ba8dfc310511af1.js?dpl=dpl_3Sdq3DEDRjZ8czrKr5KX7Z4eN9kb → 200 (43ms, ?B)
[2026-05-04T15:13:05.446Z] GET https://docs.openclaw.ai/mintlify-assets/_next/static/chunks/35076.0f387d5da3e2caec.js?dpl=dpl_3Sdq3DEDRjZ8czrKr5KX7Z4eN9kb → 200 (32ms, ?B)
[2026-05-04T15:13:05.446Z] GET https://docs.openclaw.ai/mintlify-assets/_next/static/chunks/b3ef812f.287b5ce983a6f934.js?dpl=dpl_3Sdq3DEDRjZ8czrKr5KX7Z4eN9kb → 200 (36ms, ?B)
[2026-05-04T15:13:05.448Z] GET https://docs.openclaw.ai/mintlify-assets/_next/static/chunks/59a51a4c.a29bd69fdcf3c532.js?dpl=dpl_3Sdq3DEDRjZ8czrKr5KX7Z4eN9kb → 200 (42ms, ?B)
[2026-05-04T15:13:05.448Z] GET https://docs.openclaw.ai/mintlify-assets/_next/static/chunks/52883.941e686112c382dd.js?dpl=dpl_3Sdq3DEDRjZ8czrKr5KX7Z4eN9kb → 200 (32ms, ?B)
[2026-05-04T15:13:05.448Z] GET https://docs.openclaw.ai/mintlify-assets/_next/static/chunks/98270.79c37bfe877beac9.js?dpl=dpl_3Sdq3DEDRjZ8czrKr5KX7Z4eN9kb → 200 (31ms, ?B)
[2026-05-04T15:13:05.448Z] GET https://docs.openclaw.ai/mintlify-assets/_next/static/chunks/5924.af6b06b26a098f2d.js?dpl=dpl_3Sdq3DEDRjZ8czrKr5KX7Z4eN9kb → 200 (41ms, ?B)
[2026-05-04T15:13:05.448Z] GET https://docs.openclaw.ai/mintlify-assets/_next/static/chunks/42261.22a1c076025571a1.js?dpl=dpl_3Sdq3DEDRjZ8czrKr5KX7Z4eN9kb → 200 (32ms, ?B)
[2026-05-04T15:13:05.448Z] GET https://docs.openclaw.ai/mintlify-assets/_next/static/chunks/40439.bc16d6e33e6df950.js?dpl=dpl_3Sdq3DEDRjZ8czrKr5KX7Z4eN9kb → 200 (39ms, ?B)
[2026-05-04T15:13:05.448Z] GET https://docs.openclaw.ai/mintlify-assets/_next/static/chunks/08e9f8d4.8ce89e007e5c174d.js?dpl=dpl_3Sdq3DEDRjZ8czrKr5KX7Z4eN9kb → 200 (40ms, ?B)
[2026-05-04T15:13:05.448Z] GET https://docs.openclaw.ai/mintlify-assets/_next/static/chunks/78513.ed0c286c90d4ea70.js?dpl=dpl_3Sdq3DEDRjZ8czrKr5KX7Z4eN9kb → 200 (40ms, ?B)
[2026-05-04T15:13:05.448Z] GET https://docs.openclaw.ai/mintlify-assets/_next/static/chunks/69848.1b5ee8e8ff184036.js?dpl=dpl_3Sdq3DEDRjZ8czrKr5KX7Z4eN9kb → 200 (41ms, ?B)
[2026-05-04T15:13:05.448Z] GET https://docs.openclaw.ai/mintlify-assets/_next/static/chunks/88844.5187b97ae7bc1b78.js?dpl=dpl_3Sdq3DEDRjZ8czrKr5KX7Z4eN9kb → 200 (36ms, ?B)
[2026-05-04T15:13:05.448Z] GET https://docs.openclaw.ai/mintlify-assets/_next/static/chunks/86654.afde61223263a4f5.js?dpl=dpl_3Sdq3DEDRjZ8czrKr5KX7Z4eN9kb → 200 (34ms, ?B)
[2026-05-04T15:13:05.448Z] GET https://docs.openclaw.ai/mintlify-assets/_next/static/chunks/6234.b57a9f09b64783f7.js?dpl=dpl_3Sdq3DEDRjZ8czrKr5KX7Z4eN9kb → 200 (32ms, ?B)
[2026-05-04T15:13:05.448Z] GET https://docs.openclaw.ai/mintlify-assets/_next/static/chunks/46888.7bf9e9ee1dde9d48.js?dpl=dpl_3Sdq3DEDRjZ8czrKr5KX7Z4eN9kb → 200 (42ms, ?B)
[2026-05-04T15:13:05.448Z] GET https://docs.openclaw.ai/mintlify-assets/_next/static/chunks/2383.ff4e82514a9b28d8.js?dpl=dpl_3Sdq3DEDRjZ8czrKr5KX7Z4eN9kb → 200 (40ms, ?B)
[2026-05-04T15:13:05.448Z] GET https://docs.openclaw.ai/mintlify-assets/_next/static/chunks/90036.2211674646c1fd55.js?dpl=dpl_3Sdq3DEDRjZ8czrKr5KX7Z4eN9kb → 200 (35ms, ?B)
[2026-05-04T15:13:05.448Z] GET https://docs.openclaw.ai/mintlify-assets/_next/static/chunks/28433.6e0f14ae3b092066.js?dpl=dpl_3Sdq3DEDRjZ8czrKr5KX7Z4eN9kb → 200 (42ms, ?B)
[2026-05-04T15:13:05.448Z] GET https://docs.openclaw.ai/mintlify-assets/_next/static/chunks/58f38233.efd41f4fc15e4dbf.js?dpl=dpl_3Sdq3DEDRjZ8czrKr5KX7Z4eN9kb → 200 (40ms, ?B)
[2026-05-04T15:13:05.448Z] GET https://docs.openclaw.ai/mintlify-assets/_next/static/chunks/336436a7.fd164ad9f6edbdcf.js?dpl=dpl_3Sdq3DEDRjZ8czrKr5KX7Z4eN9kb → 200 (36ms, ?B)
[2026-05-04T15:13:05.448Z] GET https://docs.openclaw.ai/mintlify-assets/_next/static/chunks/6907ee1e.a05dea7661b06d5b.js?dpl=dpl_3Sdq3DEDRjZ8czrKr5KX7Z4eN9kb → 200 (35ms, ?B)
[2026-05-04T15:13:05.448Z] GET https://docs.openclaw.ai/mintlify-assets/_next/static/chunks/51972.45006755f1975ddf.js?dpl=dpl_3Sdq3DEDRjZ8czrKr5KX7Z4eN9kb → 200 (35ms, ?B)
[2026-05-04T15:13:05.448Z] GET https://docs.openclaw.ai/mintlify-assets/_next/static/chunks/40748.d6681cfbd0ab0917.js?dpl=dpl_3Sdq3DEDRjZ8czrKr5KX7Z4eN9kb → 200 (36ms, ?B)
[2026-05-04T15:13:05.448Z] GET https://docs.openclaw.ai/mintlify-assets/_next/static/chunks/10661.996ebf90e070ef2a.js?dpl=dpl_3Sdq3DEDRjZ8czrKr5KX7Z4eN9kb → 200 (35ms, ?B)
[2026-05-04T15:13:05.448Z] GET https://docs.openclaw.ai/mintlify-assets/_next/static/chunks/55598.827ba45db3293eac.js?dpl=dpl_3Sdq3DEDRjZ8czrKr5KX7Z4eN9kb → 200 (41ms, ?B)
[2026-05-04T15:13:05.448Z] GET https://docs.openclaw.ai/mintlify-assets/_next/static/chunks/17638.5a976eb14ecb333a.js?dpl=dpl_3Sdq3DEDRjZ8czrKr5KX7Z4eN9kb → 200 (35ms, ?B)
[2026-05-04T15:13:05.448Z] GET https://docs.openclaw.ai/mintlify-assets/_next/static/chunks/47178.2648299d4d4f9d0d.js?dpl=dpl_3Sdq3DEDRjZ8czrKr5KX7Z4eN9kb → 200 (36ms, ?B)
[2026-05-04T15:13:05.761Z] GET https://static.cloudflareinsights.com/beacon.min.js/v8c78df7c7c0f484497ecbca7046644da1771523124516 → 200 (198ms, 31169B)
[2026-05-04T15:13:05.960Z] GET https://docs.openclaw.ai/mintlify-assets/_next/static/chunks/33821.de8a86831845e791.js?dpl=dpl_3Sdq3DEDRjZ8czrKr5KX7Z4eN9kb → 200 (26ms, 6395B)
[2026-05-04T15:13:05.960Z] GET https://docs.openclaw.ai/mintlify-assets/_next/static/chunks/18157.d0cc6b43417a32b3.js?dpl=dpl_3Sdq3DEDRjZ8czrKr5KX7Z4eN9kb → 200 (26ms, 7073B)
[2026-05-04T15:13:06.119Z] POST https://docs.openclaw.ai/cdn-cgi/rum? → 204 (10ms, ?B)
[2026-05-04T15:13:06.286Z] GET https://docs.openclaw.ai/mintlify-assets/_next/static/chunks/88206.1dde85d08c3df7ae.js?dpl=dpl_3Sdq3DEDRjZ8czrKr5KX7Z4eN9kb → 200 (3ms, 3767B)
[2026-05-04T15:13:06.286Z] GET https://docs.openclaw.ai/plugins/building-plugins?_rsc=108ts → 200 (4ms, ?B)
[2026-05-04T15:13:06.286Z] GET https://docs.openclaw.ai/plugins/hooks?_rsc=108ts → 200 (4ms, ?B)
[2026-05-04T15:13:06.286Z] GET https://docs.openclaw.ai/plugins/sdk-overview?_rsc=108ts → 200 (5ms, ?B)
[2026-05-04T15:13:06.286Z] GET https://docs.openclaw.ai/plugins/sdk-subpaths?_rsc=108ts → 200 (4ms, ?B)
[2026-05-04T15:13:06.286Z] GET https://docs.openclaw.ai/plugins/sdk-entrypoints?_rsc=108ts → 200 (5ms, 6274538B)
[2026-05-04T15:13:06.315Z] GET https://docs.openclaw.ai/tools/browser?_rsc=108ts → 200 (63ms, ?B)
[2026-05-04T15:13:06.318Z] GET https://docs.openclaw.ai/tools/browser-control?_rsc=108ts → 200 (61ms, ?B)
[2026-05-04T15:13:06.320Z] GET https://docs.openclaw.ai/tools/browser-login?_rsc=108ts → 200 (66ms, ?B)
[2026-05-04T15:13:06.323Z] GET https://docs.openclaw.ai/tools/web-fetch?_rsc=108ts → 200 (64ms, ?B)
[2026-05-04T15:13:06.325Z] GET https://docs.openclaw.ai/tools/web?_rsc=108ts → 200 (62ms, ?B)
[2026-05-04T15:13:06.390Z] GET https://docs.openclaw.ai/tools/brave-search?_rsc=108ts → 200 (186ms, ?B)
[2026-05-04T15:13:06.392Z] GET https://docs.openclaw.ai/plugins/manage-plugins?_rsc=108ts → 200 (184ms, ?B)
[2026-05-04T15:13:06.405Z] GET https://docs.openclaw.ai/plugins/dependency-resolution?_rsc=108ts → 200 (171ms, ?B)
[2026-05-04T15:13:06.407Z] GET https://docs.openclaw.ai/plugins/bundles?_rsc=108ts → 200 (170ms, ?B)
[2026-05-04T15:13:06.576Z] GET https://docs.openclaw.ai/plugins/community?_rsc=108ts → 200 (1ms, ?B)
[2026-05-04T15:13:06.579Z] GET https://docs.openclaw.ai/plugins/reference?_rsc=108ts → pending (?ms, ?B)
[2026-05-04T15:13:06.581Z] GET https://docs.openclaw.ai/plugins/codex-computer-use?_rsc=108ts → pending (?ms, ?B)
[2026-05-04T15:13:06.584Z] GET https://docs.openclaw.ai/plugins/voice-call?_rsc=108ts → pending (?ms, ?B)
[2026-05-04T15:13:06.587Z] GET https://docs.openclaw.ai/?_rsc=108ts → pending (?ms, ?B)
[2026-05-04T15:13:06.612Z] GET https://docs.openclaw.ai/install?_rsc=yl414 → pending (?ms, ?B)
[2026-05-04T15:13:06.909Z] GET https://docs.openclaw.ai/channels?_rsc=yl414 → 200 (20ms, 6132320B)
[2026-05-04T15:13:06.909Z] GET https://docs.openclaw.ai/concepts/architecture?_rsc=yl414 → 200 (179ms, ?B)
[2026-05-04T15:13:06.909Z] GET https://docs.openclaw.ai/tools?_rsc=yl414 → 200 (179ms, ?B)
[2026-05-04T15:13:06.909Z] GET https://docs.openclaw.ai/providers?_rsc=yl414 → 200 (179ms, ?B)
[2026-05-04T15:13:06.910Z] GET https://docs.openclaw.ai/platforms?_rsc=yl414 → 200 (178ms, ?B)
[2026-05-04T15:13:07.087Z] GET https://docs.openclaw.ai/gateway?_rsc=yl414 → 200 (68ms, ?B)
[2026-05-04T15:13:07.092Z] GET https://docs.openclaw.ai/cli?_rsc=yl414 → 200 (64ms, ?B)
[2026-05-04T15:13:07.095Z] GET https://docs.openclaw.ai/help?_rsc=yl414 → 200 (71ms, ?B)
[2026-05-04T15:13:07.098Z] GET https://docs.openclaw.ai/tools/plugin?_rsc=108ts → 200 (69ms, 6472785B)
[2026-05-04T15:13:07.101Z] GET https://docs.openclaw.ai/plugins/google-meet?_rsc=108ts → 200 (66ms, ?B)
[2026-05-04T15:13:07.169Z] GET https://docs.openclaw.ai/plugins/codex-harness?_rsc=108ts → 200 (183ms, ?B)
[2026-05-04T15:13:07.172Z] GET https://docs.openclaw.ai/plugins/webhooks?_rsc=108ts → 200 (180ms, ?B)
[2026-05-04T15:13:07.175Z] GET https://docs.openclaw.ai/plugins/plugin-inventory?_rsc=108ts → 200 (177ms, ?B)
[2026-05-04T15:13:07.177Z] GET https://docs.openclaw.ai/plugins/sdk-migration?_rsc=108ts → 200 (175ms, ?B)
[2026-05-04T15:13:07.352Z] GET https://docs.openclaw.ai/tools/creating-skills?_rsc=108ts → 200 (11ms, ?B)
[2026-05-04T15:13:07.352Z] GET https://docs.openclaw.ai/tools/skills?_rsc=108ts → 200 (275ms, ?B)
[2026-05-04T15:13:07.352Z] GET https://docs.openclaw.ai/plugins/memory-wiki?_rsc=108ts → 200 (30ms, ?B)
[2026-05-04T15:13:07.352Z] GET https://docs.openclaw.ai/plugins/message-presentation?_rsc=108ts → 200 (29ms, ?B)
[2026-05-04T15:13:07.355Z] GET https://docs.openclaw.ai/plugins/skill-workshop?_rsc=108ts → 200 (272ms, ?B)
[2026-05-04T15:13:07.381Z] GET https://docs.openclaw.ai/plugins/sdk-provider-plugins?_rsc=108ts → pending (?ms, ?B)
[2026-05-04T15:13:07.452Z] GET https://docs.openclaw.ai/plugins/memory-lancedb?_rsc=108ts → pending (?ms, ?B)
[2026-05-04T15:13:07.455Z] GET https://docs.openclaw.ai/plugins/compatibility?_rsc=108ts → pending (?ms, ?B)
[2026-05-04T15:13:07.769Z] GET https://docs.openclaw.ai/plugins/zalouser?_rsc=108ts → 200 (1ms, ?B)
[2026-05-04T15:13:11.201Z] POST https://docs.openclaw.ai/_mintlify/api/v1/e → 202 (162ms, 16B)
[2026-05-04T15:13:18.392Z] GET https://docs.openclaw.ai/plugins/plugin-manifest → pending (?ms, ?B)
[2026-05-04T15:13:20.565Z] POST https://docs.openclaw.ai/cdn-cgi/rum? → pending (?ms, ?B)
[2026-05-04T15:13:20.567Z] GET https://docs.openclaw.ai/mintlify-assets/_next/static/chunks/webpack-0dda57514400ea23.js?dpl=dpl_3Sdq3DEDRjZ8czrKr5KX7Z4eN9kb → 200 (20ms, 24713B)
[2026-05-04T15:13:20.567Z] GET https://docs.openclaw.ai/mintlify-assets/_next/static/chunks/87c73c54-09e1ba5c70e60a51.js?dpl=dpl_3Sdq3DEDRjZ8czrKr5KX7Z4eN9kb → 200 (26ms, 173023B)
[2026-05-04T15:13:20.567Z] GET https://docs.openclaw.ai/mintlify-assets/_next/static/chunks/90018-eb5250b945bdda19.js?dpl=dpl_3Sdq3DEDRjZ8czrKr5KX7Z4eN9kb → 200 (29ms, 173408B)
[2026-05-04T15:13:20.567Z] GET https://docs.openclaw.ai/mintlify-assets/_next/static/chunks/main-app-76ddd9525ef90e67.js?dpl=dpl_3Sdq3DEDRjZ8czrKr5KX7Z4eN9kb → 200 (25ms, 574B)
[2026-05-04T15:13:20.609Z] GET https://docs.openclaw.ai/mintlify-assets/_next/static/chunks/891cff7f-38ce37d594f7da31.js?dpl=dpl_3Sdq3DEDRjZ8czrKr5KX7Z4eN9kb → 200 (28ms, 325459B)
[2026-05-04T15:13:20.609Z] GET https://docs.openclaw.ai/mintlify-assets/_next/static/chunks/51288-0fb44d6be82e9af5.js?dpl=dpl_3Sdq3DEDRjZ8czrKr5KX7Z4eN9kb → 200 (29ms, 6945B)
[2026-05-04T15:13:20.609Z] GET https://docs.openclaw.ai/mintlify-assets/_next/static/chunks/14079-4865f1ab1b5bbf4b.js?dpl=dpl_3Sdq3DEDRjZ8czrKr5KX7Z4eN9kb → 200 (23ms, 67665B)
[2026-05-04T15:13:20.613Z] GET https://docs.openclaw.ai/mintlify-assets/_next/static/chunks/78238-22782f5aac7a6ef4.js?dpl=dpl_3Sdq3DEDRjZ8czrKr5KX7Z4eN9kb → 200 (87ms, ?B)
[2026-05-04T15:13:20.613Z] GET https://docs.openclaw.ai/mintlify-assets/_next/static/chunks/95115-7f3830b22524c9f1.js?dpl=dpl_3Sdq3DEDRjZ8czrKr5KX7Z4eN9kb → 200 (33ms, 76906B)
[2026-05-04T15:13:20.613Z] GET https://docs.openclaw.ai/mintlify-assets/_next/static/chunks/93247-b07c7244bb0ac0f8.js?dpl=dpl_3Sdq3DEDRjZ8czrKr5KX7Z4eN9kb → 200 (33ms, 197905B)
[2026-05-04T15:13:20.613Z] GET https://docs.openclaw.ai/mintlify-assets/_next/static/chunks/98816-4875194b6205382d.js?dpl=dpl_3Sdq3DEDRjZ8czrKr5KX7Z4eN9kb → 200 (33ms, 56140B)
[2026-05-04T15:13:20.613Z] GET https://docs.openclaw.ai/mintlify-assets/_next/static/chunks/80239-ce217fc534a5bb94.js?dpl=dpl_3Sdq3DEDRjZ8czrKr5KX7Z4eN9kb → 200 (25ms, 43624B)
[2026-05-04T15:13:20.613Z] GET https://docs.openclaw.ai/mintlify-assets/_next/static/chunks/19664-8ce43df6b74bea12.js?dpl=dpl_3Sdq3DEDRjZ8czrKr5KX7Z4eN9kb → 200 (25ms, 8556B)
[2026-05-04T15:13:20.613Z] GET https://docs.openclaw.ai/mintlify-assets/_next/static/chunks/8685-3edaeb533c1369b7.js?dpl=dpl_3Sdq3DEDRjZ8czrKr5KX7Z4eN9kb → 200 (34ms, 33429B)
[2026-05-04T15:13:20.613Z] GET https://docs.openclaw.ai/mintlify-assets/_next/static/chunks/55016-5137c69187630db9.js?dpl=dpl_3Sdq3DEDRjZ8czrKr5KX7Z4eN9kb → 200 (35ms, 350724B)
[2026-05-04T15:13:20.613Z] GET https://docs.openclaw.ai/mintlify-assets/_next/static/chunks/75862-0e7c90644ebfd048.js?dpl=dpl_3Sdq3DEDRjZ8czrKr5KX7Z4eN9kb → 200 (35ms, 15495B)
[2026-05-04T15:13:20.613Z] GET https://docs.openclaw.ai/mintlify-assets/_next/static/chunks/71251-28f76702905f8b9a.js?dpl=dpl_3Sdq3DEDRjZ8czrKr5KX7Z4eN9kb → 200 (35ms, 16893B)
[2026-05-04T15:13:20.613Z] GET https://docs.openclaw.ai/mintlify-assets/_next/static/chunks/app/error-904203083e579f01.js?dpl=dpl_3Sdq3DEDRjZ8czrKr5KX7Z4eN9kb → 200 (34ms, 458B)
[2026-05-04T15:13:20.613Z] GET https://docs.openclaw.ai/mintlify-assets/_next/static/chunks/db261188-d8199d2c7818f473.js?dpl=dpl_3Sdq3DEDRjZ8czrKr5KX7Z4eN9kb → 200 (35ms, 268238B)
[2026-05-04T15:13:20.613Z] GET https://docs.openclaw.ai/mintlify-assets/_next/static/chunks/d30757c7-4504080d72b51329.js?dpl=dpl_3Sdq3DEDRjZ8czrKr5KX7Z4eN9kb → 200 (38ms, 6022B)
[2026-05-04T15:13:20.614Z] GET https://docs.openclaw.ai/mintlify-assets/_next/static/chunks/50867-b9f0047192ea1561.js?dpl=dpl_3Sdq3DEDRjZ8czrKr5KX7Z4eN9kb → 200 (68ms, ?B)
[2026-05-04T15:13:20.614Z] GET https://docs.openclaw.ai/mintlify-assets/_next/static/chunks/37154-f1541a8c0dc3fc4f.js?dpl=dpl_3Sdq3DEDRjZ8czrKr5KX7Z4eN9kb → 200 (66ms, 261548B)
[2026-05-04T15:13:20.614Z] GET https://docs.openclaw.ai/mintlify-assets/_next/static/chunks/96613-d9098930227907bd.js?dpl=dpl_3Sdq3DEDRjZ8czrKr5KX7Z4eN9kb → 200 (35ms, 11030B)
[2026-05-04T15:13:20.614Z] GET https://docs.openclaw.ai/mintlify-assets/_next/static/chunks/66220-dc719718f3803595.js?dpl=dpl_3Sdq3DEDRjZ8czrKr5KX7Z4eN9kb → 200 (67ms, ?B)
[2026-05-04T15:13:20.614Z] GET https://docs.openclaw.ai/mintlify-assets/_next/static/chunks/74902-aede07e132d9c71f.js?dpl=dpl_3Sdq3DEDRjZ8czrKr5KX7Z4eN9kb → 200 (42ms, 35538B)
[2026-05-04T15:13:20.614Z] GET https://docs.openclaw.ai/mintlify-assets/_next/static/chunks/68789-aa7dbc2fe57d93b1.js?dpl=dpl_3Sdq3DEDRjZ8czrKr5KX7Z4eN9kb → 200 (61ms, 54703B)
[2026-05-04T15:13:20.614Z] GET https://docs.openclaw.ai/mintlify-assets/_next/static/chunks/24253-97a943a955ad7b14.js?dpl=dpl_3Sdq3DEDRjZ8czrKr5KX7Z4eN9kb → 200 (37ms, 18486B)
[2026-05-04T15:13:20.614Z] GET https://docs.openclaw.ai/mintlify-assets/_next/static/chunks/67313-113d94c737a76db1.js?dpl=dpl_3Sdq3DEDRjZ8czrKr5KX7Z4eN9kb → 200 (37ms, 146814B)
[2026-05-04T15:13:20.614Z] GET https://docs.openclaw.ai/mintlify-assets/_next/static/chunks/73205-1667aa76af26a306.js?dpl=dpl_3Sdq3DEDRjZ8czrKr5KX7Z4eN9kb → 200 (68ms, ?B)
[2026-05-04T15:13:20.614Z] GET https://docs.openclaw.ai/mintlify-assets/_next/static/chunks/20660-8c2743f8a47ba084.js?dpl=dpl_3Sdq3DEDRjZ8czrKr5KX7Z4eN9kb → pending (?ms, ?B)
[2026-05-04T15:13:20.614Z] GET https://docs.openclaw.ai/mintlify-assets/_next/static/chunks/21749-3ca479933d49c653.js?dpl=dpl_3Sdq3DEDRjZ8czrKr5KX7Z4eN9kb → 200 (66ms, 147081B)
[2026-05-04T15:13:20.614Z] GET https://docs.openclaw.ai/mintlify-assets/_next/static/chunks/3433-882017849d90a548.js?dpl=dpl_3Sdq3DEDRjZ8czrKr5KX7Z4eN9kb → 200 (67ms, ?B)
[2026-05-04T15:13:20.614Z] GET https://docs.openclaw.ai/mintlify-assets/_next/static/chunks/app/%255Fsites/%5Bsubdomain%5D/(multitenant)/layout-4c0943b42989c54c.js?dpl=dpl_3Sdq3DEDRjZ8czrKr5KX7Z4eN9kb → 200 (67ms, ?B)
[2026-05-04T15:13:20.614Z] GET https://docs.openclaw.ai/mintlify-assets/_next/static/chunks/3351-f655818da0318398.js?dpl=dpl_3Sdq3DEDRjZ8czrKr5KX7Z4eN9kb → 200 (67ms, ?B)
[2026-05-04T15:13:20.614Z] GET https://docs.openclaw.ai/mintlify-assets/_next/static/chunks/app/%255Fsites/%5Bsubdomain%5D/not-found-1c8d41b8e0250ec9.js?dpl=dpl_3Sdq3DEDRjZ8czrKr5KX7Z4eN9kb → 200 (68ms, ?B)
[2026-05-04T15:13:20.614Z] GET https://docs.openclaw.ai/mintlify-assets/_next/static/chunks/60002-95c0c40f9f9c8646.js?dpl=dpl_3Sdq3DEDRjZ8czrKr5KX7Z4eN9kb → 200 (69ms, ?B)
[2026-05-04T15:13:20.614Z] GET https://docs.openclaw.ai/mintlify-assets/_next/static/chunks/app/layout-68c7869c00b4865b.js?dpl=dpl_3Sdq3DEDRjZ8czrKr5KX7Z4eN9kb → 200 (68ms, ?B)
[2026-05-04T15:13:20.614Z] GET https://docs.openclaw.ai/mintlify-assets/_next/static/media/bb3ef058b751a6ad-s.p.woff2 → 200 (62ms, 40480B)
[2026-05-04T15:13:20.614Z] GET https://docs.openclaw.ai/mintlify-assets/_next/static/media/c4b700dcb2187787-s.p.woff2 → 200 (62ms, 51636B)
[2026-05-04T15:13:20.614Z] GET https://docs.openclaw.ai/mintlify-assets/_next/static/media/e4af272ccee01ff0-s.p.woff2 → 200 (61ms, 48432B)
[2026-05-04T15:13:20.614Z] GET https://docs.openclaw.ai/mintlify-assets/_next/static/css/2b0e6d1f6a2b7a1a.css?dpl=dpl_3Sdq3DEDRjZ8czrKr5KX7Z4eN9kb → 200 (42ms, 238032B)
[2026-05-04T15:13:20.614Z] GET https://docs.openclaw.ai/mintlify-assets/_next/static/css/6f9b80d484ead711.css?dpl=dpl_3Sdq3DEDRjZ8czrKr5KX7Z4eN9kb → 200 (48ms, 23777B)
[2026-05-04T15:13:20.614Z] GET https://docs.openclaw.ai/mintlify-assets/_next/static/css/05d6d8fcb903870d.css?dpl=dpl_3Sdq3DEDRjZ8czrKr5KX7Z4eN9kb → 200 (48ms, 15790B)
[2026-05-04T15:13:20.700Z] GET https://docs.openclaw.ai/mintlify-assets/_next/static/chunks/app/%255Fsites/%5Bsubdomain%5D/error-b4aabeed68299375.js?dpl=dpl_3Sdq3DEDRjZ8czrKr5KX7Z4eN9kb → pending (?ms, ?B)
[2026-05-04T15:13:20.700Z] GET https://docs.openclaw.ai/mintlify-assets/_next/static/chunks/881-be1f5ebf6e52da59.js?dpl=dpl_3Sdq3DEDRjZ8czrKr5KX7Z4eN9kb → pending (?ms, ?B)
[2026-05-04T15:13:20.700Z] GET https://docs.openclaw.ai/mintlify-assets/_next/static/chunks/app/%255Fsites/%5Bsubdomain%5D/(multitenant)/%5B%5B...slug%5D%5D/page-aacd5811fc3c90d2.js?dpl=dpl_3Sdq3DEDRjZ8czrKr5KX7Z4eN9kb → pending (?ms, ?B)
[2026-05-04T15:13:20.700Z] GET https://docs.openclaw.ai/mintlify-assets/_next/static/chunks/8923-bf6bf01a29afab7f.js?dpl=dpl_3Sdq3DEDRjZ8czrKr5KX7Z4eN9kb → pending (?ms, ?B)
[2026-05-04T15:13:20.700Z] GET https://docs.openclaw.ai/mintlify-assets/_next/static/chunks/app/%255Fsites/%5Bsubdomain%5D/(multitenant)/%40topbar/%5B%5B...slug%5D%5D/page-6812930c7edb541b.js?dpl=dpl_3Sdq3DEDRjZ8czrKr5KX7Z4eN9kb → pending (?ms, ?B)
[2026-05-04T15:13:20.756Z] GET https://docs.openclaw.ai/mintlify-assets/_next/static/chunks/93940.4ba8dfc310511af1.js?dpl=dpl_3Sdq3DEDRjZ8czrKr5KX7Z4eN9kb → pending (?ms, ?B)
[2026-05-04T15:13:20.756Z] GET https://docs.openclaw.ai/mintlify-assets/_next/static/chunks/35076.0f387d5da3e2caec.js?dpl=dpl_3Sdq3DEDRjZ8czrKr5KX7Z4eN9kb → pending (?ms, ?B)
[2026-05-04T15:13:20.756Z] GET https://docs.openclaw.ai/mintlify-assets/_next/static/chunks/b3ef812f.287b5ce983a6f934.js?dpl=dpl_3Sdq3DEDRjZ8czrKr5KX7Z4eN9kb → pending (?ms, ?B)
[2026-05-04T15:13:20.756Z] GET https://docs.openclaw.ai/mintlify-assets/_next/static/chunks/59a51a4c.a29bd69fdcf3c532.js?dpl=dpl_3Sdq3DEDRjZ8czrKr5KX7Z4eN9kb → pending (?ms, ?B)
[2026-05-04T15:13:20.757Z] GET https://docs.openclaw.ai/mintlify-assets/_next/static/chunks/52883.941e686112c382dd.js?dpl=dpl_3Sdq3DEDRjZ8czrKr5KX7Z4eN9kb → pending (?ms, ?B)
[2026-05-04T15:13:20.757Z] GET https://docs.openclaw.ai/mintlify-assets/_next/static/chunks/98270.79c37bfe877beac9.js?dpl=dpl_3Sdq3DEDRjZ8czrKr5KX7Z4eN9kb → pending (?ms, ?B)
[2026-05-04T15:13:20.757Z] GET https://docs.openclaw.ai/mintlify-assets/_next/static/chunks/5924.af6b06b26a098f2d.js?dpl=dpl_3Sdq3DEDRjZ8czrKr5KX7Z4eN9kb → pending (?ms, ?B)
[2026-05-04T15:13:20.757Z] GET https://docs.openclaw.ai/mintlify-assets/_next/static/chunks/42261.22a1c076025571a1.js?dpl=dpl_3Sdq3DEDRjZ8czrKr5KX7Z4eN9kb → pending (?ms, ?B)
[2026-05-04T15:13:20.757Z] GET https://docs.openclaw.ai/mintlify-assets/_next/static/chunks/40439.bc16d6e33e6df950.js?dpl=dpl_3Sdq3DEDRjZ8czrKr5KX7Z4eN9kb → pending (?ms, ?B)
[2026-05-04T15:13:20.757Z] GET https://docs.openclaw.ai/mintlify-assets/_next/static/chunks/08e9f8d4.8ce89e007e5c174d.js?dpl=dpl_3Sdq3DEDRjZ8czrKr5KX7Z4eN9kb → pending (?ms, ?B)
[2026-05-04T15:13:20.757Z] GET https://docs.openclaw.ai/mintlify-assets/_next/static/chunks/78513.ed0c286c90d4ea70.js?dpl=dpl_3Sdq3DEDRjZ8czrKr5KX7Z4eN9kb → pending (?ms, ?B)
[2026-05-04T15:13:20.757Z] GET https://docs.openclaw.ai/mintlify-assets/_next/static/chunks/69848.1b5ee8e8ff184036.js?dpl=dpl_3Sdq3DEDRjZ8czrKr5KX7Z4eN9kb → pending (?ms, ?B)
[2026-05-04T15:13:20.758Z] GET https://docs.openclaw.ai/mintlify-assets/_next/static/chunks/88844.5187b97ae7bc1b78.js?dpl=dpl_3Sdq3DEDRjZ8czrKr5KX7Z4eN9kb → pending (?ms, ?B)
[2026-05-04T15:13:20.758Z] GET https://docs.openclaw.ai/mintlify-assets/_next/static/chunks/86654.afde61223263a4f5.js?dpl=dpl_3Sdq3DEDRjZ8czrKr5KX7Z4eN9kb → pending (?ms, ?B)
[2026-05-04T15:13:20.758Z] GET https://docs.openclaw.ai/mintlify-assets/_next/static/chunks/6234.b57a9f09b64783f7.js?dpl=dpl_3Sdq3DEDRjZ8czrKr5KX7Z4eN9kb → pending (?ms, ?B)
[2026-05-04T15:13:20.758Z] GET https://docs.openclaw.ai/mintlify-assets/_next/static/chunks/46888.7bf9e9ee1dde9d48.js?dpl=dpl_3Sdq3DEDRjZ8czrKr5KX7Z4eN9kb → pending (?ms, ?B)
[2026-05-04T15:13:20.758Z] GET https://docs.openclaw.ai/mintlify-assets/_next/static/chunks/2383.ff4e82514a9b28d8.js?dpl=dpl_3Sdq3DEDRjZ8czrKr5KX7Z4eN9kb → pending (?ms, ?B)
[2026-05-04T15:13:20.758Z] GET https://docs.openclaw.ai/mintlify-assets/_next/static/chunks/90036.2211674646c1fd55.js?dpl=dpl_3Sdq3DEDRjZ8czrKr5KX7Z4eN9kb → pending (?ms, ?B)
[2026-05-04T15:13:20.758Z] GET https://docs.openclaw.ai/mintlify-assets/_next/static/chunks/28433.6e0f14ae3b092066.js?dpl=dpl_3Sdq3DEDRjZ8czrKr5KX7Z4eN9kb → pending (?ms, ?B)
[2026-05-04T15:13:20.758Z] GET https://docs.openclaw.ai/mintlify-assets/_next/static/chunks/58f38233.efd41f4fc15e4dbf.js?dpl=dpl_3Sdq3DEDRjZ8czrKr5KX7Z4eN9kb → pending (?ms, ?B)
[2026-05-04T15:13:20.758Z] GET https://docs.openclaw.ai/mintlify-assets/_next/static/chunks/336436a7.fd164ad9f6edbdcf.js?dpl=dpl_3Sdq3DEDRjZ8czrKr5KX7Z4eN9kb → pending (?ms, ?B)
[2026-05-04T15:13:20.758Z] GET https://docs.openclaw.ai/mintlify-assets/_next/static/chunks/6907ee1e.a05dea7661b06d5b.js?dpl=dpl_3Sdq3DEDRjZ8czrKr5KX7Z4eN9kb → pending (?ms, ?B)
[2026-05-04T15:13:20.758Z] GET https://docs.openclaw.ai/mintlify-assets/_next/static/chunks/51972.45006755f1975ddf.js?dpl=dpl_3Sdq3DEDRjZ8czrKr5KX7Z4eN9kb → pending (?ms, ?B)
[2026-05-04T15:13:20.759Z] GET https://docs.openclaw.ai/mintlify-assets/_next/static/chunks/40748.d6681cfbd0ab0917.js?dpl=dpl_3Sdq3DEDRjZ8czrKr5KX7Z4eN9kb → pending (?ms, ?B)
[2026-05-04T15:13:20.759Z] GET https://docs.openclaw.ai/mintlify-assets/_next/static/chunks/10661.996ebf90e070ef2a.js?dpl=dpl_3Sdq3DEDRjZ8czrKr5KX7Z4eN9kb → pending (?ms, ?B)
[2026-05-04T15:13:20.759Z] GET https://docs.openclaw.ai/mintlify-assets/_next/static/chunks/55598.827ba45db3293eac.js?dpl=dpl_3Sdq3DEDRjZ8czrKr5KX7Z4eN9kb → pending (?ms, ?B)
[2026-05-04T15:13:20.759Z] GET https://docs.openclaw.ai/mintlify-assets/_next/static/chunks/17638.5a976eb14ecb333a.js?dpl=dpl_3Sdq3DEDRjZ8czrKr5KX7Z4eN9kb → pending (?ms, ?B)
[2026-05-04T15:13:20.759Z] GET https://docs.openclaw.ai/mintlify-assets/_next/static/chunks/47178.2648299d4d4f9d0d.js?dpl=dpl_3Sdq3DEDRjZ8czrKr5KX7Z4eN9kb → pending (?ms, ?B)
[2026-05-04T15:13:21.119Z] GET https://docs.openclaw.ai/mintlify-assets/_next/static/chunks/33821.de8a86831845e791.js?dpl=dpl_3Sdq3DEDRjZ8czrKr5KX7Z4eN9kb → 200 (140ms, 6395B)
[2026-05-04T15:13:21.119Z] GET https://docs.openclaw.ai/mintlify-assets/_next/static/chunks/18157.d0cc6b43417a32b3.js?dpl=dpl_3Sdq3DEDRjZ8czrKr5KX7Z4eN9kb → 200 (139ms, 7073B)
[2026-05-04T15:13:21.488Z] GET https://docs.openclaw.ai/mintlify-assets/_next/static/chunks/app/%255Fsites/%5Bsubdomain%5D/(multitenant)/not-found-dca22644b5cda74c.js?dpl=dpl_3Sdq3DEDRjZ8czrKr5KX7Z4eN9kb → 200 (153ms, 9192B)
[2026-05-04T15:13:21.488Z] GET https://static.cloudflareinsights.com/beacon.min.js/v8c78df7c7c0f484497ecbca7046644da1771523124516 → 200 (?ms, 31169B)
[2026-05-04T15:13:21.640Z] GET https://mintcdn.com/clawdhub/dpADRo8IUoiDztzJ/assets/pixel-lobster.svg?fit=max&auto=format&n=dpADRo8IUoiDztzJ&q=85&s=8fdf719fb6d3eaad7c65231385bf28e5 → 304 (116ms, ?B)
[2026-05-04T15:13:21.640Z] GET https://d3gk2c5xim1je2.cloudfront.net/flags/US.svg → 200 (?ms, 1356B)
[2026-05-04T15:13:21.784Z] POST https://docs.openclaw.ai/cdn-cgi/rum? → 204 (143ms, ?B)
[2026-05-04T15:13:21.952Z] GET https://d4tuoctqmanu0.cloudfront.net/katex.min.css → 200 (?ms, 23112B)
[2026-05-04T15:13:21.954Z] GET https://fonts.googleapis.com/css2?family=DM+Sans:ital,wght@0,400;0,500;0,600;0,700;0,800;1,400;1,500;1,600;1,700;1,800&display=swap → 200 (?ms, 8735B)
[2026-05-04T15:13:21.954Z] GET https://fonts.googleapis.com/css2?family=Fragment+Mono:ital,wght@0,400;0,500;0,600;0,700;0,800;1,400;1,500;1,600;1,700;1,800&display=swap → 200 (?ms, 2420B)
[2026-05-04T15:13:21.954Z] GET https://fonts.gstatic.com/s/dmsans/v17/rP2Yp2ywxg089UriI5-g4vlH9VoD8Cmcqbu0-K4.woff2 → 200 (?ms, ?B)
[2026-05-04T15:13:21.954Z] GET https://fonts.gstatic.com/s/fragmentmono/v6/4iCr6K5wfMRRjxp0DA6-2CLnB4NHhg.woff2 → 200 (?ms, ?B)
[2026-05-04T15:13:21.954Z] GET https://d3gk2c5xim1je2.cloudfront.net/v7.1.0/brands/github.svg → 200 (?ms, 1587B)
[2026-05-04T15:13:21.955Z] GET https://d3gk2c5xim1je2.cloudfront.net/lucide/v0.545.0/package.svg → 200 (?ms, 446B)
[2026-05-04T15:13:21.955Z] GET https://d3gk2c5xim1je2.cloudfront.net/v7.1.0/brands/discord.svg → 200 (?ms, 1447B)
[2026-05-04T15:13:21.955Z] GET https://docs.openclaw.ai/plugins/building-plugins?_rsc=1bx0a → 200 (4ms, 6389959B)
[2026-05-04T15:13:21.955Z] GET https://docs.openclaw.ai/plugins/hooks?_rsc=1bx0a → 200 (7ms, ?B)
[2026-05-04T15:13:21.956Z] GET https://docs.openclaw.ai/plugins/sdk-channel-plugins?_rsc=1bx0a → 200 (14ms, 6675673B)
[2026-05-04T15:13:21.956Z] GET https://docs.openclaw.ai/plugins/sdk-overview?_rsc=1bx0a → 200 (15ms, 6271217B)
[2026-05-04T15:13:21.956Z] GET https://docs.openclaw.ai/plugins/sdk-subpaths?_rsc=1bx0a → 200 (22ms, 6349237B)
[2026-05-04T15:13:21.956Z] GET https://docs.openclaw.ai/_mintlify/api/not-found-context?source=multitenant&pathname=%2Fplugins%2Fplugin-manifest → 200 (477ms, 260892B)
[2026-05-04T15:13:21.960Z] GET https://docs.openclaw.ai/plugins/sdk-entrypoints?_rsc=1bx0a → 200 (76ms, ?B)
[2026-05-04T15:13:21.972Z] GET https://docs.openclaw.ai/tools/browser?_rsc=1bx0a → 200 (65ms, ?B)
[2026-05-04T15:13:21.974Z] GET https://docs.openclaw.ai/tools/browser-control?_rsc=1bx0a → 200 (63ms, ?B)
[2026-05-04T15:13:21.977Z] GET https://docs.openclaw.ai/tools/browser-login?_rsc=1bx0a → 200 (61ms, ?B)
[2026-05-04T15:13:21.979Z] GET https://docs.openclaw.ai/tools/web-fetch?_rsc=1bx0a → 200 (59ms, ?B)
[2026-05-04T15:13:22.051Z] GET https://docs.openclaw.ai/tools/web?_rsc=1bx0a → 200 (168ms, ?B)
[2026-05-04T15:13:22.219Z] GET https://docs.openclaw.ai/tools/brave-search?_rsc=1bx0a → 200 (20ms, ?B)
[2026-05-04T15:13:22.219Z] GET https://docs.openclaw.ai/?_rsc=1bx0a → 200 (20ms, ?B)
[2026-05-04T15:13:22.219Z] GET https://docs.openclaw.ai/install?_rsc=13utn → 200 (23ms, ?B)
[2026-05-04T15:13:22.219Z] GET https://docs.openclaw.ai/channels?_rsc=13utn → 200 (196ms, ?B)
[2026-05-04T15:13:22.237Z] GET https://docs.openclaw.ai/concepts/architecture?_rsc=13utn → 200 (195ms, ?B)
[2026-05-04T15:13:22.427Z] GET https://docs.openclaw.ai/tools?_rsc=13utn → 200 (289ms, ?B)
[2026-05-04T15:13:22.429Z] GET https://docs.openclaw.ai/providers?_rsc=13utn → 200 (287ms, ?B)
[2026-05-04T15:13:22.432Z] GET https://docs.openclaw.ai/platforms?_rsc=13utn → 200 (284ms, ?B)
[2026-05-04T15:13:22.435Z] GET https://docs.openclaw.ai/gateway?_rsc=13utn → 200 (281ms, ?B)
[2026-05-04T15:13:22.715Z] GET https://docs.openclaw.ai/cli?_rsc=13utn → 200 (18ms, ?B)
[2026-05-04T15:13:22.717Z] GET https://docs.openclaw.ai/help?_rsc=13utn → 200 (39ms, ?B)
[2026-05-04T15:13:23.640Z] GET https://docs.openclaw.ai/plugins/plugin-reference → pending (?ms, ?B)
[2026-05-04T15:13:23.640Z] POST https://docs.openclaw.ai/_mintlify/api/v1/e → pending (?ms, ?B)
[2026-05-04T15:13:26.597Z] POST https://docs.openclaw.ai/cdn-cgi/rum? → pending (?ms, ?B)
[2026-05-04T15:13:26.602Z] GET https://docs.openclaw.ai/mintlify-assets/_next/static/chunks/webpack-0dda57514400ea23.js?dpl=dpl_3Sdq3DEDRjZ8czrKr5KX7Z4eN9kb → 200 (20ms, 24713B)
[2026-05-04T15:13:26.602Z] GET https://docs.openclaw.ai/mintlify-assets/_next/static/chunks/87c73c54-09e1ba5c70e60a51.js?dpl=dpl_3Sdq3DEDRjZ8czrKr5KX7Z4eN9kb → 200 (23ms, 173023B)
[2026-05-04T15:13:26.602Z] GET https://docs.openclaw.ai/mintlify-assets/_next/static/chunks/90018-eb5250b945bdda19.js?dpl=dpl_3Sdq3DEDRjZ8czrKr5KX7Z4eN9kb → 200 (26ms, 173408B)
[2026-05-04T15:13:26.602Z] GET https://docs.openclaw.ai/mintlify-assets/_next/static/chunks/main-app-76ddd9525ef90e67.js?dpl=dpl_3Sdq3DEDRjZ8czrKr5KX7Z4eN9kb → 200 (23ms, 574B)
[2026-05-04T15:13:26.636Z] GET https://docs.openclaw.ai/mintlify-assets/_next/static/chunks/891cff7f-38ce37d594f7da31.js?dpl=dpl_3Sdq3DEDRjZ8czrKr5KX7Z4eN9kb → 200 (23ms, 325459B)
[2026-05-04T15:13:26.636Z] GET https://docs.openclaw.ai/mintlify-assets/_next/static/chunks/51288-0fb44d6be82e9af5.js?dpl=dpl_3Sdq3DEDRjZ8czrKr5KX7Z4eN9kb → 200 (19ms, 6945B)
[2026-05-04T15:13:26.636Z] GET https://docs.openclaw.ai/mintlify-assets/_next/static/chunks/14079-4865f1ab1b5bbf4b.js?dpl=dpl_3Sdq3DEDRjZ8czrKr5KX7Z4eN9kb → 200 (33ms, 67665B)
[2026-05-04T15:13:26.638Z] GET https://docs.openclaw.ai/mintlify-assets/_next/static/chunks/78238-22782f5aac7a6ef4.js?dpl=dpl_3Sdq3DEDRjZ8czrKr5KX7Z4eN9kb → 200 (31ms, 53453B)
[2026-05-04T15:13:26.638Z] GET https://docs.openclaw.ai/mintlify-assets/_next/static/chunks/95115-7f3830b22524c9f1.js?dpl=dpl_3Sdq3DEDRjZ8czrKr5KX7Z4eN9kb → 200 (38ms, 76906B)
[2026-05-04T15:13:26.638Z] GET https://docs.openclaw.ai/mintlify-assets/_next/static/chunks/93247-b07c7244bb0ac0f8.js?dpl=dpl_3Sdq3DEDRjZ8czrKr5KX7Z4eN9kb → 200 (32ms, 197905B)
[2026-05-04T15:13:26.638Z] GET https://docs.openclaw.ai/mintlify-assets/_next/static/chunks/98816-4875194b6205382d.js?dpl=dpl_3Sdq3DEDRjZ8czrKr5KX7Z4eN9kb → 200 (33ms, 56140B)
[2026-05-04T15:13:26.638Z] GET https://docs.openclaw.ai/mintlify-assets/_next/static/chunks/80239-ce217fc534a5bb94.js?dpl=dpl_3Sdq3DEDRjZ8czrKr5KX7Z4eN9kb → 200 (37ms, 43624B)
[2026-05-04T15:13:26.638Z] GET https://docs.openclaw.ai/mintlify-assets/_next/static/chunks/19664-8ce43df6b74bea12.js?dpl=dpl_3Sdq3DEDRjZ8czrKr5KX7Z4eN9kb → 200 (32ms, 8556B)
[2026-05-04T15:13:26.638Z] GET https://docs.openclaw.ai/mintlify-assets/_next/static/chunks/8685-3edaeb533c1369b7.js?dpl=dpl_3Sdq3DEDRjZ8czrKr5KX7Z4eN9kb → 200 (64ms, 33429B)
[2026-05-04T15:13:26.638Z] GET https://docs.openclaw.ai/mintlify-assets/_next/static/chunks/55016-5137c69187630db9.js?dpl=dpl_3Sdq3DEDRjZ8czrKr5KX7Z4eN9kb → 200 (31ms, 350724B)
[2026-05-04T15:13:26.638Z] GET https://docs.openclaw.ai/mintlify-assets/_next/static/chunks/75862-0e7c90644ebfd048.js?dpl=dpl_3Sdq3DEDRjZ8czrKr5KX7Z4eN9kb → 200 (31ms, 15495B)
[2026-05-04T15:13:26.638Z] GET https://docs.openclaw.ai/mintlify-assets/_next/static/chunks/71251-28f76702905f8b9a.js?dpl=dpl_3Sdq3DEDRjZ8czrKr5KX7Z4eN9kb → 200 (61ms, 16893B)
[2026-05-04T15:13:26.638Z] GET https://docs.openclaw.ai/mintlify-assets/_next/static/chunks/app/error-904203083e579f01.js?dpl=dpl_3Sdq3DEDRjZ8czrKr5KX7Z4eN9kb → 200 (31ms, 458B)
[2026-05-04T15:13:26.638Z] GET https://docs.openclaw.ai/mintlify-assets/_next/static/chunks/db261188-d8199d2c7818f473.js?dpl=dpl_3Sdq3DEDRjZ8czrKr5KX7Z4eN9kb → 200 (62ms, 268238B)
[2026-05-04T15:13:26.638Z] GET https://docs.openclaw.ai/mintlify-assets/_next/static/chunks/d30757c7-4504080d72b51329.js?dpl=dpl_3Sdq3DEDRjZ8czrKr5KX7Z4eN9kb → 200 (21ms, 6022B)
[2026-05-04T15:13:26.638Z] GET https://docs.openclaw.ai/mintlify-assets/_next/static/chunks/50867-b9f0047192ea1561.js?dpl=dpl_3Sdq3DEDRjZ8czrKr5KX7Z4eN9kb → 200 (62ms, 255483B)
[2026-05-04T15:13:26.638Z] GET https://docs.openclaw.ai/mintlify-assets/_next/static/chunks/37154-f1541a8c0dc3fc4f.js?dpl=dpl_3Sdq3DEDRjZ8czrKr5KX7Z4eN9kb → 200 (37ms, 261548B)
[2026-05-04T15:13:26.638Z] GET https://docs.openclaw.ai/mintlify-assets/_next/static/chunks/96613-d9098930227907bd.js?dpl=dpl_3Sdq3DEDRjZ8czrKr5KX7Z4eN9kb → 200 (30ms, 11030B)
[2026-05-04T15:13:26.638Z] GET https://docs.openclaw.ai/mintlify-assets/_next/static/chunks/66220-dc719718f3803595.js?dpl=dpl_3Sdq3DEDRjZ8czrKr5KX7Z4eN9kb → 200 (86ms, 800258B)
[2026-05-04T15:13:26.638Z] GET https://docs.openclaw.ai/mintlify-assets/_next/static/chunks/74902-aede07e132d9c71f.js?dpl=dpl_3Sdq3DEDRjZ8czrKr5KX7Z4eN9kb → 200 (36ms, 35538B)
[2026-05-04T15:13:26.638Z] GET https://docs.openclaw.ai/mintlify-assets/_next/static/chunks/68789-aa7dbc2fe57d93b1.js?dpl=dpl_3Sdq3DEDRjZ8czrKr5KX7Z4eN9kb → 200 (85ms, 54703B)
[2026-05-04T15:13:26.638Z] GET https://docs.openclaw.ai/mintlify-assets/_next/static/chunks/24253-97a943a955ad7b14.js?dpl=dpl_3Sdq3DEDRjZ8czrKr5KX7Z4eN9kb → 200 (62ms, 18486B)
[2026-05-04T15:13:26.638Z] GET https://docs.openclaw.ai/mintlify-assets/_next/static/chunks/67313-113d94c737a76db1.js?dpl=dpl_3Sdq3DEDRjZ8czrKr5KX7Z4eN9kb → 200 (85ms, 146814B)
[2026-05-04T15:13:26.638Z] GET https://docs.openclaw.ai/mintlify-assets/_next/static/chunks/73205-1667aa76af26a306.js?dpl=dpl_3Sdq3DEDRjZ8czrKr5KX7Z4eN9kb → 200 (32ms, 42712B)
[2026-05-04T15:13:26.638Z] GET https://docs.openclaw.ai/mintlify-assets/_next/static/chunks/20660-8c2743f8a47ba084.js?dpl=dpl_3Sdq3DEDRjZ8czrKr5KX7Z4eN9kb → 200 (130ms, ?B)
[2026-05-04T15:13:26.638Z] GET https://docs.openclaw.ai/mintlify-assets/_next/static/chunks/21749-3ca479933d49c653.js?dpl=dpl_3Sdq3DEDRjZ8czrKr5KX7Z4eN9kb → 200 (85ms, 147081B)
[2026-05-04T15:13:26.638Z] GET https://docs.openclaw.ai/mintlify-assets/_next/static/chunks/3433-882017849d90a548.js?dpl=dpl_3Sdq3DEDRjZ8czrKr5KX7Z4eN9kb → 200 (89ms, 116446B)
[2026-05-04T15:13:26.638Z] GET https://docs.openclaw.ai/mintlify-assets/_next/static/chunks/app/%255Fsites/%5Bsubdomain%5D/(multitenant)/layout-4c0943b42989c54c.js?dpl=dpl_3Sdq3DEDRjZ8czrKr5KX7Z4eN9kb → 200 (88ms, 286B)
[2026-05-04T15:13:26.638Z] GET https://docs.openclaw.ai/mintlify-assets/_next/static/chunks/3351-f655818da0318398.js?dpl=dpl_3Sdq3DEDRjZ8czrKr5KX7Z4eN9kb → 200 (88ms, 15575B)
[2026-05-04T15:13:26.638Z] GET https://docs.openclaw.ai/mintlify-assets/_next/static/chunks/app/%255Fsites/%5Bsubdomain%5D/not-found-1c8d41b8e0250ec9.js?dpl=dpl_3Sdq3DEDRjZ8czrKr5KX7Z4eN9kb → 200 (36ms, 202B)
[2026-05-04T15:13:26.638Z] GET https://docs.openclaw.ai/mintlify-assets/_next/static/chunks/60002-95c0c40f9f9c8646.js?dpl=dpl_3Sdq3DEDRjZ8czrKr5KX7Z4eN9kb → 200 (85ms, 94906B)
[2026-05-04T15:13:26.638Z] GET https://docs.openclaw.ai/mintlify-assets/_next/static/chunks/app/layout-68c7869c00b4865b.js?dpl=dpl_3Sdq3DEDRjZ8czrKr5KX7Z4eN9kb → 200 (85ms, 2300B)
[2026-05-04T15:13:26.638Z] GET https://docs.openclaw.ai/mintlify-assets/_next/static/media/bb3ef058b751a6ad-s.p.woff2 → 200 (46ms, 40480B)
[2026-05-04T15:13:26.640Z] GET https://docs.openclaw.ai/mintlify-assets/_next/static/media/c4b700dcb2187787-s.p.woff2 → 200 (77ms, 51636B)
[2026-05-04T15:13:26.640Z] GET https://docs.openclaw.ai/mintlify-assets/_next/static/media/e4af272ccee01ff0-s.p.woff2 → 200 (32ms, 48432B)
[2026-05-04T15:13:26.640Z] GET https://docs.openclaw.ai/mintlify-assets/_next/static/css/2b0e6d1f6a2b7a1a.css?dpl=dpl_3Sdq3DEDRjZ8czrKr5KX7Z4eN9kb → 200 (34ms, 238032B)
[2026-05-04T15:13:26.640Z] GET https://docs.openclaw.ai/mintlify-assets/_next/static/css/6f9b80d484ead711.css?dpl=dpl_3Sdq3DEDRjZ8czrKr5KX7Z4eN9kb → 200 (61ms, 23777B)
[2026-05-04T15:13:26.640Z] GET https://docs.openclaw.ai/mintlify-assets/_next/static/css/05d6d8fcb903870d.css?dpl=dpl_3Sdq3DEDRjZ8czrKr5KX7Z4eN9kb → 200 (59ms, 15790B)
[2026-05-04T15:13:26.640Z] GET https://docs.openclaw.ai/mintlify-assets/_next/static/chunks/app/%255Fsites/%5Bsubdomain%5D/error-b4aabeed68299375.js?dpl=dpl_3Sdq3DEDRjZ8czrKr5KX7Z4eN9kb → 200 (87ms, 457B)
[2026-05-04T15:13:26.640Z] GET https://docs.openclaw.ai/mintlify-assets/_next/static/chunks/8923-bf6bf01a29afab7f.js?dpl=dpl_3Sdq3DEDRjZ8czrKr5KX7Z4eN9kb → 200 (87ms, 43103B)
[2026-05-04T15:13:26.640Z] GET https://docs.openclaw.ai/mintlify-assets/_next/static/chunks/app/%255Fsites/%5Bsubdomain%5D/(multitenant)/%40topbar/%5B%5B...slug%5D%5D/page-6812930c7edb541b.js?dpl=dpl_3Sdq3DEDRjZ8czrKr5KX7Z4eN9kb → 200 (87ms, 1585B)
[2026-05-04T15:13:26.640Z] GET https://docs.openclaw.ai/mintlify-assets/_next/static/chunks/881-be1f5ebf6e52da59.js?dpl=dpl_3Sdq3DEDRjZ8czrKr5KX7Z4eN9kb → 200 (88ms, 104734B)
[2026-05-04T15:13:26.640Z] GET https://docs.openclaw.ai/mintlify-assets/_next/static/chunks/app/%255Fsites/%5Bsubdomain%5D/(multitenant)/%5B%5B...slug%5D%5D/page-aacd5811fc3c90d2.js?dpl=dpl_3Sdq3DEDRjZ8czrKr5KX7Z4eN9kb → 200 (87ms, 1737B)
[2026-05-04T15:13:26.715Z] GET https://docs.openclaw.ai/mintlify-assets/_next/static/chunks/93940.4ba8dfc310511af1.js?dpl=dpl_3Sdq3DEDRjZ8czrKr5KX7Z4eN9kb → 200 (49ms, ?B)
[2026-05-04T15:13:26.715Z] GET https://docs.openclaw.ai/mintlify-assets/_next/static/chunks/35076.0f387d5da3e2caec.js?dpl=dpl_3Sdq3DEDRjZ8czrKr5KX7Z4eN9kb → 200 (49ms, ?B)
[2026-05-04T15:13:26.716Z] GET https://docs.openclaw.ai/mintlify-assets/_next/static/chunks/b3ef812f.287b5ce983a6f934.js?dpl=dpl_3Sdq3DEDRjZ8czrKr5KX7Z4eN9kb → 200 (49ms, ?B)
[2026-05-04T15:13:26.716Z] GET https://docs.openclaw.ai/mintlify-assets/_next/static/chunks/59a51a4c.a29bd69fdcf3c532.js?dpl=dpl_3Sdq3DEDRjZ8czrKr5KX7Z4eN9kb → 200 (50ms, ?B)
[2026-05-04T15:13:26.716Z] GET https://docs.openclaw.ai/mintlify-assets/_next/static/chunks/52883.941e686112c382dd.js?dpl=dpl_3Sdq3DEDRjZ8czrKr5KX7Z4eN9kb → 200 (51ms, ?B)
[2026-05-04T15:13:26.716Z] GET https://docs.openclaw.ai/mintlify-assets/_next/static/chunks/98270.79c37bfe877beac9.js?dpl=dpl_3Sdq3DEDRjZ8czrKr5KX7Z4eN9kb → 200 (46ms, ?B)
[2026-05-04T15:13:26.716Z] GET https://docs.openclaw.ai/mintlify-assets/_next/static/chunks/5924.af6b06b26a098f2d.js?dpl=dpl_3Sdq3DEDRjZ8czrKr5KX7Z4eN9kb → 200 (53ms, ?B)
[2026-05-04T15:13:26.716Z] GET https://docs.openclaw.ai/mintlify-assets/_next/static/chunks/42261.22a1c076025571a1.js?dpl=dpl_3Sdq3DEDRjZ8czrKr5KX7Z4eN9kb → 200 (50ms, ?B)
[2026-05-04T15:13:26.716Z] GET https://docs.openclaw.ai/mintlify-assets/_next/static/chunks/40439.bc16d6e33e6df950.js?dpl=dpl_3Sdq3DEDRjZ8czrKr5KX7Z4eN9kb → 200 (49ms, ?B)
[2026-05-04T15:13:26.716Z] GET https://docs.openclaw.ai/mintlify-assets/_next/static/chunks/08e9f8d4.8ce89e007e5c174d.js?dpl=dpl_3Sdq3DEDRjZ8czrKr5KX7Z4eN9kb → 200 (51ms, ?B)
[2026-05-04T15:13:26.716Z] GET https://docs.openclaw.ai/mintlify-assets/_next/static/chunks/78513.ed0c286c90d4ea70.js?dpl=dpl_3Sdq3DEDRjZ8czrKr5KX7Z4eN9kb → 200 (51ms, ?B)
[2026-05-04T15:13:26.716Z] GET https://docs.openclaw.ai/mintlify-assets/_next/static/chunks/69848.1b5ee8e8ff184036.js?dpl=dpl_3Sdq3DEDRjZ8czrKr5KX7Z4eN9kb → 200 (50ms, ?B)
[2026-05-04T15:13:26.716Z] GET https://docs.openclaw.ai/mintlify-assets/_next/static/chunks/88844.5187b97ae7bc1b78.js?dpl=dpl_3Sdq3DEDRjZ8czrKr5KX7Z4eN9kb → 200 (54ms, ?B)
[2026-05-04T15:13:26.716Z] GET https://docs.openclaw.ai/mintlify-assets/_next/static/chunks/86654.afde61223263a4f5.js?dpl=dpl_3Sdq3DEDRjZ8czrKr5KX7Z4eN9kb → 200 (54ms, ?B)
[2026-05-04T15:13:26.716Z] GET https://docs.openclaw.ai/mintlify-assets/_next/static/chunks/6234.b57a9f09b64783f7.js?dpl=dpl_3Sdq3DEDRjZ8czrKr5KX7Z4eN9kb → 200 (51ms, ?B)
[2026-05-04T15:13:26.716Z] GET https://docs.openclaw.ai/mintlify-assets/_next/static/chunks/46888.7bf9e9ee1dde9d48.js?dpl=dpl_3Sdq3DEDRjZ8czrKr5KX7Z4eN9kb → 200 (54ms, ?B)
[2026-05-04T15:13:26.716Z] GET https://docs.openclaw.ai/mintlify-assets/_next/static/chunks/2383.ff4e82514a9b28d8.js?dpl=dpl_3Sdq3DEDRjZ8czrKr5KX7Z4eN9kb → 200 (54ms, ?B)
[2026-05-04T15:13:26.716Z] GET https://docs.openclaw.ai/mintlify-assets/_next/static/chunks/90036.2211674646c1fd55.js?dpl=dpl_3Sdq3DEDRjZ8czrKr5KX7Z4eN9kb → 200 (49ms, ?B)
[2026-05-04T15:13:26.716Z] GET https://docs.openclaw.ai/mintlify-assets/_next/static/chunks/28433.6e0f14ae3b092066.js?dpl=dpl_3Sdq3DEDRjZ8czrKr5KX7Z4eN9kb → 200 (49ms, ?B)
[2026-05-04T15:13:26.716Z] GET https://docs.openclaw.ai/mintlify-assets/_next/static/chunks/58f38233.efd41f4fc15e4dbf.js?dpl=dpl_3Sdq3DEDRjZ8czrKr5KX7Z4eN9kb → 200 (52ms, ?B)
[2026-05-04T15:13:26.716Z] GET https://docs.openclaw.ai/mintlify-assets/_next/static/chunks/336436a7.fd164ad9f6edbdcf.js?dpl=dpl_3Sdq3DEDRjZ8czrKr5KX7Z4eN9kb → 200 (52ms, ?B)
[2026-05-04T15:13:26.717Z] GET https://docs.openclaw.ai/mintlify-assets/_next/static/chunks/6907ee1e.a05dea7661b06d5b.js?dpl=dpl_3Sdq3DEDRjZ8czrKr5KX7Z4eN9kb → 200 (52ms, ?B)
[2026-05-04T15:13:26.717Z] GET https://docs.openclaw.ai/mintlify-assets/_next/static/chunks/51972.45006755f1975ddf.js?dpl=dpl_3Sdq3DEDRjZ8czrKr5KX7Z4eN9kb → 200 (49ms, ?B)
[2026-05-04T15:13:26.717Z] GET https://docs.openclaw.ai/mintlify-assets/_next/static/chunks/40748.d6681cfbd0ab0917.js?dpl=dpl_3Sdq3DEDRjZ8czrKr5KX7Z4eN9kb → 200 (51ms, ?B)
[2026-05-04T15:13:26.717Z] GET https://docs.openclaw.ai/mintlify-assets/_next/static/chunks/10661.996ebf90e070ef2a.js?dpl=dpl_3Sdq3DEDRjZ8czrKr5KX7Z4eN9kb → 200 (50ms, ?B)
[2026-05-04T15:13:26.717Z] GET https://docs.openclaw.ai/mintlify-assets/_next/static/chunks/55598.827ba45db3293eac.js?dpl=dpl_3Sdq3DEDRjZ8czrKr5KX7Z4eN9kb → 200 (51ms, ?B)
[2026-05-04T15:13:26.717Z] GET https://docs.openclaw.ai/mintlify-assets/_next/static/chunks/17638.5a976eb14ecb333a.js?dpl=dpl_3Sdq3DEDRjZ8czrKr5KX7Z4eN9kb → 200 (49ms, ?B)
[2026-05-04T15:13:26.717Z] GET https://docs.openclaw.ai/mintlify-assets/_next/static/chunks/47178.2648299d4d4f9d0d.js?dpl=dpl_3Sdq3DEDRjZ8czrKr5KX7Z4eN9kb → 200 (50ms, ?B)
[2026-05-04T15:13:27.126Z] GET https://docs.openclaw.ai/mintlify-assets/_next/static/chunks/33821.de8a86831845e791.js?dpl=dpl_3Sdq3DEDRjZ8czrKr5KX7Z4eN9kb → 200 (3ms, 6395B)
[2026-05-04T15:13:27.126Z] GET https://docs.openclaw.ai/mintlify-assets/_next/static/chunks/18157.d0cc6b43417a32b3.js?dpl=dpl_3Sdq3DEDRjZ8czrKr5KX7Z4eN9kb → 200 (3ms, 7073B)
[2026-05-04T15:13:27.337Z] GET https://docs.openclaw.ai/mintlify-assets/_next/static/chunks/app/%255Fsites/%5Bsubdomain%5D/(multitenant)/not-found-dca22644b5cda74c.js?dpl=dpl_3Sdq3DEDRjZ8czrKr5KX7Z4eN9kb → 200 (107ms, 9192B)
[2026-05-04T15:13:27.337Z] GET https://static.cloudflareinsights.com/beacon.min.js/v8c78df7c7c0f484497ecbca7046644da1771523124516 → 200 (?ms, 31169B)
[2026-05-04T15:13:27.454Z] GET https://mintcdn.com/clawdhub/dpADRo8IUoiDztzJ/assets/pixel-lobster.svg?fit=max&auto=format&n=dpADRo8IUoiDztzJ&q=85&s=8fdf719fb6d3eaad7c65231385bf28e5 → 304 (12ms, ?B)
[2026-05-04T15:13:27.454Z] GET https://d3gk2c5xim1je2.cloudfront.net/flags/US.svg → 200 (1ms, 1356B)
[2026-05-04T15:13:27.466Z] POST https://docs.openclaw.ai/cdn-cgi/rum? → 204 (148ms, ?B)
[2026-05-04T15:13:27.637Z] GET https://d4tuoctqmanu0.cloudfront.net/katex.min.css → 200 (1ms, 23112B)
[2026-05-04T15:13:27.638Z] GET https://fonts.googleapis.com/css2?family=DM+Sans:ital,wght@0,400;0,500;0,600;0,700;0,800;1,400;1,500;1,600;1,700;1,800&display=swap → 200 (?ms, 8735B)
[2026-05-04T15:13:27.638Z] GET https://fonts.googleapis.com/css2?family=Fragment+Mono:ital,wght@0,400;0,500;0,600;0,700;0,800;1,400;1,500;1,600;1,700;1,800&display=swap → 200 (?ms, 2420B)
[2026-05-04T15:13:27.638Z] GET https://fonts.gstatic.com/s/dmsans/v17/rP2Yp2ywxg089UriI5-g4vlH9VoD8Cmcqbu0-K4.woff2 → 200 (?ms, ?B)
[2026-05-04T15:13:27.639Z] GET https://fonts.gstatic.com/s/fragmentmono/v6/4iCr6K5wfMRRjxp0DA6-2CLnB4NHhg.woff2 → 200 (?ms, ?B)
[2026-05-04T15:13:27.639Z] GET https://d3gk2c5xim1je2.cloudfront.net/v7.1.0/brands/github.svg → 200 (?ms, 1587B)
[2026-05-04T15:13:27.639Z] GET https://d3gk2c5xim1je2.cloudfront.net/lucide/v0.545.0/package.svg → 200 (?ms, 446B)
[2026-05-04T15:13:27.639Z] GET https://d3gk2c5xim1je2.cloudfront.net/v7.1.0/brands/discord.svg → 200 (?ms, 1447B)
[2026-05-04T15:13:27.641Z] GET https://docs.openclaw.ai/plugins/building-plugins?_rsc=1sy7d → 200 (4ms, ?B)
[2026-05-04T15:13:27.641Z] GET https://docs.openclaw.ai/plugins/hooks?_rsc=1sy7d → 200 (4ms, ?B)
[2026-05-04T15:13:27.641Z] GET https://docs.openclaw.ai/plugins/sdk-channel-plugins?_rsc=1sy7d → 200 (38ms, ?B)
[2026-05-04T15:13:27.641Z] GET https://docs.openclaw.ai/plugins/sdk-overview?_rsc=1sy7d → 200 (12ms, ?B)
[2026-05-04T15:13:27.641Z] GET https://docs.openclaw.ai/plugins/sdk-subpaths?_rsc=1sy7d → 200 (4ms, ?B)
[2026-05-04T15:13:27.641Z] GET https://docs.openclaw.ai/_mintlify/api/not-found-context?source=multitenant&pathname=%2Fplugins%2Fplugin-reference → pending (?ms, ?B)
[2026-05-04T15:13:27.646Z] GET https://docs.openclaw.ai/plugins/sdk-entrypoints?_rsc=1sy7d → 200 (44ms, ?B)
[2026-05-04T15:13:27.649Z] GET https://docs.openclaw.ai/tools/browser?_rsc=1sy7d → 200 (42ms, ?B)
[2026-05-04T15:13:27.650Z] GET https://docs.openclaw.ai/tools/browser-control?_rsc=1sy7d → 200 (41ms, ?B)
[2026-05-04T15:13:27.681Z] GET https://docs.openclaw.ai/tools/browser-login?_rsc=1sy7d → pending (?ms, ?B)
[2026-05-04T15:13:27.684Z] GET https://docs.openclaw.ai/tools/web-fetch?_rsc=1sy7d → pending (?ms, ?B)
[2026-05-04T15:13:27.888Z] GET https://docs.openclaw.ai/tools/web?_rsc=1sy7d → 200 (29ms, ?B)
[2026-05-04T15:13:27.888Z] GET https://docs.openclaw.ai/tools/brave-search?_rsc=1sy7d → 200 (30ms, ?B)
[2026-05-04T15:13:27.888Z] GET https://docs.openclaw.ai/?_rsc=1sy7d → 200 (29ms, 5920906B)
[2026-05-04T15:13:27.888Z] GET https://docs.openclaw.ai/install?_rsc=1gckj → 200 (199ms, ?B)
[2026-05-04T15:13:27.888Z] GET https://docs.openclaw.ai/channels?_rsc=1gckj → 200 (199ms, ?B)
[2026-05-04T15:13:28.087Z] GET https://docs.openclaw.ai/concepts/architecture?_rsc=1gckj → 200 (1ms, ?B)
[2026-05-04T15:13:28.087Z] GET https://docs.openclaw.ai/tools?_rsc=1gckj → 200 (1ms, ?B)
[2026-05-04T15:13:28.087Z] GET https://docs.openclaw.ai/providers?_rsc=1gckj → 200 (46ms, ?B)
[2026-05-04T15:13:28.087Z] GET https://docs.openclaw.ai/platforms?_rsc=1gckj → 200 (46ms, ?B)
[2026-05-04T15:13:28.087Z] GET https://docs.openclaw.ai/gateway?_rsc=1gckj → 200 (46ms, ?B)
[2026-05-04T15:13:28.122Z] GET https://docs.openclaw.ai/cli?_rsc=1gckj → 200 (208ms, 6268549B)
[2026-05-04T15:13:28.125Z] GET https://docs.openclaw.ai/help?_rsc=1gckj → 200 (205ms, ?B)
[2026-05-04T15:13:32.633Z] POST https://docs.openclaw.ai/_mintlify/api/v1/e → 202 (159ms, 16B)
[2026-05-04T15:13:35.317Z] GET https://docs.openclaw.ai/plugins/building-plugins → 200 (150ms, ?B)
[2026-05-04T15:13:35.469Z] POST https://docs.openclaw.ai/cdn-cgi/rum? → pending (?ms, ?B)
[2026-05-04T15:13:35.475Z] GET https://docs.openclaw.ai/mintlify-assets/_next/static/media/bb3ef058b751a6ad-s.p.woff2 → 200 (34ms, 40480B)
[2026-05-04T15:13:35.476Z] GET https://docs.openclaw.ai/mintlify-assets/_next/static/media/c4b700dcb2187787-s.p.woff2 → 200 (33ms, 51636B)
[2026-05-04T15:13:35.476Z] GET https://docs.openclaw.ai/mintlify-assets/_next/static/media/e4af272ccee01ff0-s.p.woff2 → 200 (25ms, 48432B)
[2026-05-04T15:13:35.476Z] GET https://mintcdn.com/clawdhub/dpADRo8IUoiDztzJ/assets/pixel-lobster.svg?fit=max&auto=format&n=dpADRo8IUoiDztzJ&q=85&s=8fdf719fb6d3eaad7c65231385bf28e5 → 304 (18ms, ?B)
[2026-05-04T15:13:35.476Z] GET https://d3gk2c5xim1je2.cloudfront.net/flags/US.svg → 200 (?ms, 1356B)
[2026-05-04T15:13:35.477Z] GET https://docs.openclaw.ai/mintlify-assets/_next/static/css/2b0e6d1f6a2b7a1a.css?dpl=dpl_3Sdq3DEDRjZ8czrKr5KX7Z4eN9kb → 200 (14ms, 238032B)
[2026-05-04T15:13:35.477Z] GET https://docs.openclaw.ai/mintlify-assets/_next/static/css/6f9b80d484ead711.css?dpl=dpl_3Sdq3DEDRjZ8czrKr5KX7Z4eN9kb → 200 (18ms, 23777B)
[2026-05-04T15:13:35.477Z] GET https://docs.openclaw.ai/mintlify-assets/_next/static/css/05d6d8fcb903870d.css?dpl=dpl_3Sdq3DEDRjZ8czrKr5KX7Z4eN9kb → 200 (24ms, 15790B)
[2026-05-04T15:13:35.477Z] GET https://docs.openclaw.ai/mintlify-assets/_next/static/chunks/webpack-0dda57514400ea23.js?dpl=dpl_3Sdq3DEDRjZ8czrKr5KX7Z4eN9kb → 200 (86ms, 24713B)
[2026-05-04T15:13:35.477Z] GET https://docs.openclaw.ai/mintlify-assets/_next/static/chunks/87c73c54-09e1ba5c70e60a51.js?dpl=dpl_3Sdq3DEDRjZ8czrKr5KX7Z4eN9kb → 200 (104ms, 173023B)
[2026-05-04T15:13:35.477Z] GET https://docs.openclaw.ai/mintlify-assets/_next/static/chunks/90018-eb5250b945bdda19.js?dpl=dpl_3Sdq3DEDRjZ8czrKr5KX7Z4eN9kb → 200 (106ms, 173408B)
[2026-05-04T15:13:35.477Z] GET https://docs.openclaw.ai/mintlify-assets/_next/static/chunks/main-app-76ddd9525ef90e67.js?dpl=dpl_3Sdq3DEDRjZ8czrKr5KX7Z4eN9kb → 200 (105ms, 574B)
[2026-05-04T15:13:35.477Z] GET https://docs.openclaw.ai/mintlify-assets/_next/static/chunks/891cff7f-38ce37d594f7da31.js?dpl=dpl_3Sdq3DEDRjZ8czrKr5KX7Z4eN9kb → 200 (81ms, 325459B)
[2026-05-04T15:13:35.477Z] GET https://docs.openclaw.ai/mintlify-assets/_next/static/chunks/51288-0fb44d6be82e9af5.js?dpl=dpl_3Sdq3DEDRjZ8czrKr5KX7Z4eN9kb → 200 (105ms, 6945B)
[2026-05-04T15:13:35.477Z] GET https://docs.openclaw.ai/mintlify-assets/_next/static/chunks/14079-4865f1ab1b5bbf4b.js?dpl=dpl_3Sdq3DEDRjZ8czrKr5KX7Z4eN9kb → 200 (106ms, 67665B)
[2026-05-04T15:13:35.477Z] GET https://docs.openclaw.ai/mintlify-assets/_next/static/chunks/78238-22782f5aac7a6ef4.js?dpl=dpl_3Sdq3DEDRjZ8czrKr5KX7Z4eN9kb → 200 (111ms, 53453B)
[2026-05-04T15:13:35.477Z] GET https://docs.openclaw.ai/mintlify-assets/_next/static/chunks/95115-7f3830b22524c9f1.js?dpl=dpl_3Sdq3DEDRjZ8czrKr5KX7Z4eN9kb → 200 (106ms, 76906B)
[2026-05-04T15:13:35.477Z] GET https://docs.openclaw.ai/mintlify-assets/_next/static/chunks/93247-b07c7244bb0ac0f8.js?dpl=dpl_3Sdq3DEDRjZ8czrKr5KX7Z4eN9kb → 200 (109ms, 197905B)
[2026-05-04T15:13:35.477Z] GET https://docs.openclaw.ai/mintlify-assets/_next/static/chunks/98816-4875194b6205382d.js?dpl=dpl_3Sdq3DEDRjZ8czrKr5KX7Z4eN9kb → 200 (109ms, 56140B)
[2026-05-04T15:13:35.477Z] GET https://docs.openclaw.ai/mintlify-assets/_next/static/chunks/80239-ce217fc534a5bb94.js?dpl=dpl_3Sdq3DEDRjZ8czrKr5KX7Z4eN9kb → 200 (108ms, 43624B)
[2026-05-04T15:13:35.477Z] GET https://docs.openclaw.ai/mintlify-assets/_next/static/chunks/19664-8ce43df6b74bea12.js?dpl=dpl_3Sdq3DEDRjZ8czrKr5KX7Z4eN9kb → 200 (106ms, 8556B)
[2026-05-04T15:13:35.477Z] GET https://docs.openclaw.ai/mintlify-assets/_next/static/chunks/8685-3edaeb533c1369b7.js?dpl=dpl_3Sdq3DEDRjZ8czrKr5KX7Z4eN9kb → 200 (109ms, 33429B)
[2026-05-04T15:13:35.477Z] GET https://docs.openclaw.ai/mintlify-assets/_next/static/chunks/55016-5137c69187630db9.js?dpl=dpl_3Sdq3DEDRjZ8czrKr5KX7Z4eN9kb → 200 (109ms, 350724B)
[2026-05-04T15:13:35.477Z] GET https://docs.openclaw.ai/mintlify-assets/_next/static/chunks/75862-0e7c90644ebfd048.js?dpl=dpl_3Sdq3DEDRjZ8czrKr5KX7Z4eN9kb → 200 (109ms, 15495B)
[2026-05-04T15:13:35.477Z] GET https://docs.openclaw.ai/mintlify-assets/_next/static/chunks/71251-28f76702905f8b9a.js?dpl=dpl_3Sdq3DEDRjZ8czrKr5KX7Z4eN9kb → 200 (109ms, 16893B)
[2026-05-04T15:13:35.477Z] GET https://docs.openclaw.ai/mintlify-assets/_next/static/chunks/app/error-904203083e579f01.js?dpl=dpl_3Sdq3DEDRjZ8czrKr5KX7Z4eN9kb → 200 (109ms, 458B)
[2026-05-04T15:13:35.477Z] GET https://docs.openclaw.ai/mintlify-assets/_next/static/chunks/db261188-d8199d2c7818f473.js?dpl=dpl_3Sdq3DEDRjZ8czrKr5KX7Z4eN9kb → 200 (110ms, 268238B)
[2026-05-04T15:13:35.477Z] GET https://docs.openclaw.ai/mintlify-assets/_next/static/chunks/d30757c7-4504080d72b51329.js?dpl=dpl_3Sdq3DEDRjZ8czrKr5KX7Z4eN9kb → 200 (110ms, 6022B)
[2026-05-04T15:13:35.480Z] GET https://docs.openclaw.ai/mintlify-assets/_next/static/chunks/50867-b9f0047192ea1561.js?dpl=dpl_3Sdq3DEDRjZ8czrKr5KX7Z4eN9kb → 200 (107ms, 255483B)
[2026-05-04T15:13:35.480Z] GET https://docs.openclaw.ai/mintlify-assets/_next/static/chunks/37154-f1541a8c0dc3fc4f.js?dpl=dpl_3Sdq3DEDRjZ8czrKr5KX7Z4eN9kb → 200 (108ms, 261548B)
[2026-05-04T15:13:35.480Z] GET https://docs.openclaw.ai/mintlify-assets/_next/static/chunks/96613-d9098930227907bd.js?dpl=dpl_3Sdq3DEDRjZ8czrKr5KX7Z4eN9kb → 200 (107ms, 11030B)
[2026-05-04T15:13:35.480Z] GET https://docs.openclaw.ai/mintlify-assets/_next/static/chunks/66220-dc719718f3803595.js?dpl=dpl_3Sdq3DEDRjZ8czrKr5KX7Z4eN9kb → 200 (168ms, 800258B)
[2026-05-04T15:13:35.480Z] GET https://docs.openclaw.ai/mintlify-assets/_next/static/chunks/74902-aede07e132d9c71f.js?dpl=dpl_3Sdq3DEDRjZ8czrKr5KX7Z4eN9kb → 200 (110ms, 35538B)
[2026-05-04T15:13:35.480Z] GET https://docs.openclaw.ai/mintlify-assets/_next/static/chunks/68789-aa7dbc2fe57d93b1.js?dpl=dpl_3Sdq3DEDRjZ8czrKr5KX7Z4eN9kb → 200 (78ms, 54703B)
[2026-05-04T15:13:35.480Z] GET https://docs.openclaw.ai/mintlify-assets/_next/static/chunks/24253-97a943a955ad7b14.js?dpl=dpl_3Sdq3DEDRjZ8czrKr5KX7Z4eN9kb → 200 (164ms, 18486B)
[2026-05-04T15:13:35.480Z] GET https://docs.openclaw.ai/mintlify-assets/_next/static/chunks/67313-113d94c737a76db1.js?dpl=dpl_3Sdq3DEDRjZ8czrKr5KX7Z4eN9kb → 200 (80ms, 146814B)
[2026-05-04T15:13:35.480Z] GET https://docs.openclaw.ai/mintlify-assets/_next/static/chunks/73205-1667aa76af26a306.js?dpl=dpl_3Sdq3DEDRjZ8czrKr5KX7Z4eN9kb → 200 (84ms, 42712B)
[2026-05-04T15:13:35.480Z] GET https://docs.openclaw.ai/mintlify-assets/_next/static/chunks/20660-8c2743f8a47ba084.js?dpl=dpl_3Sdq3DEDRjZ8czrKr5KX7Z4eN9kb → 200 (191ms, ?B)
[2026-05-04T15:13:35.480Z] GET https://docs.openclaw.ai/mintlify-assets/_next/static/chunks/21749-3ca479933d49c653.js?dpl=dpl_3Sdq3DEDRjZ8czrKr5KX7Z4eN9kb → 200 (80ms, 147081B)
[2026-05-04T15:13:35.480Z] GET https://docs.openclaw.ai/mintlify-assets/_next/static/chunks/3433-882017849d90a548.js?dpl=dpl_3Sdq3DEDRjZ8czrKr5KX7Z4eN9kb → 200 (189ms, 116446B)
[2026-05-04T15:13:35.480Z] GET https://docs.openclaw.ai/mintlify-assets/_next/static/chunks/app/%255Fsites/%5Bsubdomain%5D/(multitenant)/layout-4c0943b42989c54c.js?dpl=dpl_3Sdq3DEDRjZ8czrKr5KX7Z4eN9kb → 200 (80ms, 286B)
[2026-05-04T15:13:35.480Z] GET https://docs.openclaw.ai/mintlify-assets/_next/static/chunks/3351-f655818da0318398.js?dpl=dpl_3Sdq3DEDRjZ8czrKr5KX7Z4eN9kb → 200 (80ms, 15575B)
[2026-05-04T15:13:35.480Z] GET https://docs.openclaw.ai/mintlify-assets/_next/static/chunks/app/%255Fsites/%5Bsubdomain%5D/not-found-1c8d41b8e0250ec9.js?dpl=dpl_3Sdq3DEDRjZ8czrKr5KX7Z4eN9kb → 200 (80ms, 202B)
[2026-05-04T15:13:35.480Z] GET https://docs.openclaw.ai/mintlify-assets/_next/static/chunks/60002-95c0c40f9f9c8646.js?dpl=dpl_3Sdq3DEDRjZ8czrKr5KX7Z4eN9kb → 200 (80ms, 94906B)
[2026-05-04T15:13:35.480Z] GET https://docs.openclaw.ai/mintlify-assets/_next/static/chunks/app/layout-68c7869c00b4865b.js?dpl=dpl_3Sdq3DEDRjZ8czrKr5KX7Z4eN9kb → 200 (188ms, 2300B)
[2026-05-04T15:13:35.480Z] GET https://docs.openclaw.ai/mintlify-assets/_next/static/chunks/app/%255Fsites/%5Bsubdomain%5D/error-b4aabeed68299375.js?dpl=dpl_3Sdq3DEDRjZ8czrKr5KX7Z4eN9kb → 200 (189ms, 457B)
[2026-05-04T15:13:35.480Z] GET https://docs.openclaw.ai/mintlify-assets/_next/static/chunks/881-be1f5ebf6e52da59.js?dpl=dpl_3Sdq3DEDRjZ8czrKr5KX7Z4eN9kb → 200 (189ms, 104734B)
[2026-05-04T15:13:35.480Z] GET https://docs.openclaw.ai/mintlify-assets/_next/static/chunks/app/%255Fsites/%5Bsubdomain%5D/(multitenant)/%5B%5B...slug%5D%5D/page-aacd5811fc3c90d2.js?dpl=dpl_3Sdq3DEDRjZ8czrKr5KX7Z4eN9kb → 200 (78ms, 1737B)
[2026-05-04T15:13:35.480Z] GET https://docs.openclaw.ai/mintlify-assets/_next/static/chunks/8923-bf6bf01a29afab7f.js?dpl=dpl_3Sdq3DEDRjZ8czrKr5KX7Z4eN9kb → 200 (189ms, 43103B)
[2026-05-04T15:13:35.480Z] GET https://docs.openclaw.ai/mintlify-assets/_next/static/chunks/app/%255Fsites/%5Bsubdomain%5D/(multitenant)/%40topbar/%5B%5B...slug%5D%5D/page-6812930c7edb541b.js?dpl=dpl_3Sdq3DEDRjZ8czrKr5KX7Z4eN9kb → 200 (189ms, 1585B)
[2026-05-04T15:13:35.480Z] GET https://docs.openclaw.ai/mintlify-assets/_next/static/chunks/app/%255Fsites/%5Bsubdomain%5D/(multitenant)/not-found-dca22644b5cda74c.js?dpl=dpl_3Sdq3DEDRjZ8czrKr5KX7Z4eN9kb → 200 (190ms, 9192B)
[2026-05-04T15:13:35.480Z] GET https://d4tuoctqmanu0.cloudfront.net/katex.min.css → 200 (?ms, 23112B)
[2026-05-04T15:13:35.481Z] GET https://fonts.googleapis.com/css2?family=DM+Sans:ital,wght@0,400;0,500;0,600;0,700;0,800;1,400;1,500;1,600;1,700;1,800&display=swap → 200 (?ms, 8735B)
[2026-05-04T15:13:35.481Z] GET https://fonts.googleapis.com/css2?family=Fragment+Mono:ital,wght@0,400;0,500;0,600;0,700;0,800;1,400;1,500;1,600;1,700;1,800&display=swap → 200 (?ms, 2420B)
[2026-05-04T15:13:35.552Z] GET https://fonts.gstatic.com/s/dmsans/v17/rP2Yp2ywxg089UriI5-g4vlH9VoD8Cmcqbu0-K4.woff2 → 200 (?ms, ?B)
[2026-05-04T15:13:35.552Z] GET https://fonts.gstatic.com/s/fragmentmono/v6/4iCr6K5wfMRRjxp0DA6-2CLnB4NHhg.woff2 → 200 (1ms, ?B)
[2026-05-04T15:13:35.553Z] GET https://d3gk2c5xim1je2.cloudfront.net/v7.1.0/brands/github.svg → 200 (?ms, 1587B)
[2026-05-04T15:13:35.553Z] GET https://d3gk2c5xim1je2.cloudfront.net/lucide/v0.545.0/package.svg → 200 (?ms, 446B)
[2026-05-04T15:13:35.554Z] GET https://d3gk2c5xim1je2.cloudfront.net/v7.1.0/brands/discord.svg → 200 (?ms, 1447B)
[2026-05-04T15:13:35.554Z] GET https://d3gk2c5xim1je2.cloudfront.net/lucide/v0.545.0/messages-square.svg → 200 (1ms, 457B)
[2026-05-04T15:13:35.554Z] GET https://d3gk2c5xim1je2.cloudfront.net/lucide/v0.545.0/cpu.svg → 200 (2ms, 590B)
[2026-05-04T15:13:35.554Z] GET https://d3gk2c5xim1je2.cloudfront.net/lucide/v0.545.0/wrench.svg → 200 (2ms, 417B)
[2026-05-04T15:13:35.554Z] GET https://d3gk2c5xim1je2.cloudfront.net/lucide/v0.545.0/book-open.svg → 200 (2ms, 378B)
[2026-05-04T15:13:35.554Z] GET https://d3gk2c5xim1je2.cloudfront.net/lucide/v0.545.0/settings.svg → 200 (1ms, 586B)
[2026-05-04T15:13:35.554Z] GET https://d3gk2c5xim1je2.cloudfront.net/lucide/v0.545.0/test-tubes.svg → 200 (4ms, 442B)
[2026-05-04T15:13:35.554Z] GET https://d3gk2c5xim1je2.cloudfront.net/lucide/v0.545.0/file-json.svg → 200 (4ms, 487B)
[2026-05-04T15:13:35.642Z] GET https://docs.openclaw.ai/mintlify-assets/_next/static/chunks/93940.4ba8dfc310511af1.js?dpl=dpl_3Sdq3DEDRjZ8czrKr5KX7Z4eN9kb → 200 (64ms, ?B)
[2026-05-04T15:13:35.643Z] GET https://docs.openclaw.ai/mintlify-assets/_next/static/chunks/35076.0f387d5da3e2caec.js?dpl=dpl_3Sdq3DEDRjZ8czrKr5KX7Z4eN9kb → 200 (64ms, ?B)
[2026-05-04T15:13:35.643Z] GET https://docs.openclaw.ai/mintlify-assets/_next/static/chunks/b3ef812f.287b5ce983a6f934.js?dpl=dpl_3Sdq3DEDRjZ8czrKr5KX7Z4eN9kb → 200 (64ms, ?B)
[2026-05-04T15:13:35.643Z] GET https://docs.openclaw.ai/mintlify-assets/_next/static/chunks/59a51a4c.a29bd69fdcf3c532.js?dpl=dpl_3Sdq3DEDRjZ8czrKr5KX7Z4eN9kb → 200 (64ms, ?B)
[2026-05-04T15:13:35.643Z] GET https://docs.openclaw.ai/mintlify-assets/_next/static/chunks/52883.941e686112c382dd.js?dpl=dpl_3Sdq3DEDRjZ8czrKr5KX7Z4eN9kb → 200 (64ms, ?B)
[2026-05-04T15:13:35.643Z] GET https://docs.openclaw.ai/mintlify-assets/_next/static/chunks/98270.79c37bfe877beac9.js?dpl=dpl_3Sdq3DEDRjZ8czrKr5KX7Z4eN9kb → 200 (64ms, ?B)
[2026-05-04T15:13:35.643Z] GET https://docs.openclaw.ai/mintlify-assets/_next/static/chunks/5924.af6b06b26a098f2d.js?dpl=dpl_3Sdq3DEDRjZ8czrKr5KX7Z4eN9kb → 200 (64ms, ?B)
[2026-05-04T15:13:35.643Z] GET https://docs.openclaw.ai/mintlify-assets/_next/static/chunks/42261.22a1c076025571a1.js?dpl=dpl_3Sdq3DEDRjZ8czrKr5KX7Z4eN9kb → 200 (210ms, ?B)
[2026-05-04T15:13:35.643Z] GET https://docs.openclaw.ai/mintlify-assets/_next/static/chunks/40439.bc16d6e33e6df950.js?dpl=dpl_3Sdq3DEDRjZ8czrKr5KX7Z4eN9kb → 200 (210ms, ?B)
[2026-05-04T15:13:35.643Z] GET https://docs.openclaw.ai/mintlify-assets/_next/static/chunks/08e9f8d4.8ce89e007e5c174d.js?dpl=dpl_3Sdq3DEDRjZ8czrKr5KX7Z4eN9kb → 200 (65ms, ?B)
[2026-05-04T15:13:35.643Z] GET https://docs.openclaw.ai/mintlify-assets/_next/static/chunks/78513.ed0c286c90d4ea70.js?dpl=dpl_3Sdq3DEDRjZ8czrKr5KX7Z4eN9kb → 200 (211ms, ?B)
[2026-05-04T15:13:35.643Z] GET https://docs.openclaw.ai/mintlify-assets/_next/static/chunks/69848.1b5ee8e8ff184036.js?dpl=dpl_3Sdq3DEDRjZ8czrKr5KX7Z4eN9kb → pending (?ms, ?B)
[2026-05-04T15:13:35.643Z] GET https://docs.openclaw.ai/mintlify-assets/_next/static/chunks/88844.5187b97ae7bc1b78.js?dpl=dpl_3Sdq3DEDRjZ8czrKr5KX7Z4eN9kb → pending (?ms, ?B)
[2026-05-04T15:13:35.644Z] GET https://docs.openclaw.ai/mintlify-assets/_next/static/chunks/86654.afde61223263a4f5.js?dpl=dpl_3Sdq3DEDRjZ8czrKr5KX7Z4eN9kb → 200 (63ms, ?B)
[2026-05-04T15:13:35.644Z] GET https://docs.openclaw.ai/mintlify-assets/_next/static/chunks/6234.b57a9f09b64783f7.js?dpl=dpl_3Sdq3DEDRjZ8czrKr5KX7Z4eN9kb → pending (?ms, ?B)
[2026-05-04T15:13:35.644Z] GET https://docs.openclaw.ai/mintlify-assets/_next/static/chunks/46888.7bf9e9ee1dde9d48.js?dpl=dpl_3Sdq3DEDRjZ8czrKr5KX7Z4eN9kb → 200 (208ms, ?B)
[2026-05-04T15:13:35.644Z] GET https://docs.openclaw.ai/mintlify-assets/_next/static/chunks/2383.ff4e82514a9b28d8.js?dpl=dpl_3Sdq3DEDRjZ8czrKr5KX7Z4eN9kb → pending (?ms, ?B)
[2026-05-04T15:13:35.644Z] GET https://docs.openclaw.ai/mintlify-assets/_next/static/chunks/90036.2211674646c1fd55.js?dpl=dpl_3Sdq3DEDRjZ8czrKr5KX7Z4eN9kb → 200 (64ms, ?B)
[2026-05-04T15:13:35.644Z] GET https://docs.openclaw.ai/mintlify-assets/_next/static/chunks/28433.6e0f14ae3b092066.js?dpl=dpl_3Sdq3DEDRjZ8czrKr5KX7Z4eN9kb → pending (?ms, ?B)
[2026-05-04T15:13:35.644Z] GET https://docs.openclaw.ai/mintlify-assets/_next/static/chunks/58f38233.efd41f4fc15e4dbf.js?dpl=dpl_3Sdq3DEDRjZ8czrKr5KX7Z4eN9kb → 200 (210ms, ?B)
[2026-05-04T15:13:35.644Z] GET https://docs.openclaw.ai/mintlify-assets/_next/static/chunks/336436a7.fd164ad9f6edbdcf.js?dpl=dpl_3Sdq3DEDRjZ8czrKr5KX7Z4eN9kb → 200 (210ms, ?B)
[2026-05-04T15:13:35.644Z] GET https://docs.openclaw.ai/mintlify-assets/_next/static/chunks/6907ee1e.a05dea7661b06d5b.js?dpl=dpl_3Sdq3DEDRjZ8czrKr5KX7Z4eN9kb → 200 (64ms, ?B)
[2026-05-04T15:13:35.644Z] GET https://docs.openclaw.ai/mintlify-assets/_next/static/chunks/51972.45006755f1975ddf.js?dpl=dpl_3Sdq3DEDRjZ8czrKr5KX7Z4eN9kb → 200 (210ms, ?B)
[2026-05-04T15:13:35.644Z] GET https://docs.openclaw.ai/mintlify-assets/_next/static/chunks/40748.d6681cfbd0ab0917.js?dpl=dpl_3Sdq3DEDRjZ8czrKr5KX7Z4eN9kb → 200 (208ms, ?B)
[2026-05-04T15:13:35.644Z] GET https://docs.openclaw.ai/mintlify-assets/_next/static/chunks/10661.996ebf90e070ef2a.js?dpl=dpl_3Sdq3DEDRjZ8czrKr5KX7Z4eN9kb → pending (?ms, ?B)
[2026-05-04T15:13:35.644Z] GET https://docs.openclaw.ai/mintlify-assets/_next/static/chunks/55598.827ba45db3293eac.js?dpl=dpl_3Sdq3DEDRjZ8czrKr5KX7Z4eN9kb → 200 (207ms, ?B)
[2026-05-04T15:13:35.644Z] GET https://docs.openclaw.ai/mintlify-assets/_next/static/chunks/17638.5a976eb14ecb333a.js?dpl=dpl_3Sdq3DEDRjZ8czrKr5KX7Z4eN9kb → 200 (211ms, ?B)
[2026-05-04T15:13:35.644Z] GET https://docs.openclaw.ai/mintlify-assets/_next/static/chunks/47178.2648299d4d4f9d0d.js?dpl=dpl_3Sdq3DEDRjZ8czrKr5KX7Z4eN9kb → 200 (64ms, ?B)
[2026-05-04T15:13:36.201Z] GET https://docs.openclaw.ai/mintlify-assets/_next/static/chunks/33821.de8a86831845e791.js?dpl=dpl_3Sdq3DEDRjZ8czrKr5KX7Z4eN9kb → 200 (209ms, 6395B)
[2026-05-04T15:13:36.201Z] GET https://docs.openclaw.ai/mintlify-assets/_next/static/chunks/18157.d0cc6b43417a32b3.js?dpl=dpl_3Sdq3DEDRjZ8czrKr5KX7Z4eN9kb → 200 (209ms, 7073B)
[2026-05-04T15:13:36.410Z] GET https://static.cloudflareinsights.com/beacon.min.js/v8c78df7c7c0f484497ecbca7046644da1771523124516 → 200 (?ms, 31169B)
[2026-05-04T15:13:36.551Z] POST https://docs.openclaw.ai/cdn-cgi/rum? → 204 (10ms, ?B)
[2026-05-04T15:13:36.692Z] GET https://docs.openclaw.ai/mintlify-assets/_next/static/chunks/88206.1dde85d08c3df7ae.js?dpl=dpl_3Sdq3DEDRjZ8czrKr5KX7Z4eN9kb → 200 (4ms, 3767B)
[2026-05-04T15:13:36.692Z] GET https://docs.openclaw.ai/plugins/hooks?_rsc=l45mz → 200 (6ms, ?B)
[2026-05-04T15:13:36.692Z] GET https://docs.openclaw.ai/plugins/sdk-channel-plugins?_rsc=l45mz → 200 (5ms, ?B)
[2026-05-04T15:13:36.692Z] GET https://docs.openclaw.ai/plugins/sdk-overview?_rsc=l45mz → 200 (5ms, ?B)
[2026-05-04T15:13:36.692Z] GET https://docs.openclaw.ai/plugins/sdk-subpaths?_rsc=l45mz → 200 (6ms, ?B)
[2026-05-04T15:13:36.692Z] GET https://docs.openclaw.ai/plugins/sdk-entrypoints?_rsc=l45mz → 200 (5ms, ?B)
[2026-05-04T15:13:36.719Z] GET https://docs.openclaw.ai/tools/browser?_rsc=l45mz → 200 (66ms, ?B)
[2026-05-04T15:13:36.721Z] GET https://docs.openclaw.ai/tools/browser-control?_rsc=l45mz → 200 (74ms, ?B)
[2026-05-04T15:13:36.724Z] GET https://docs.openclaw.ai/tools/browser-login?_rsc=l45mz → 200 (71ms, ?B)
[2026-05-04T15:13:36.727Z] GET https://docs.openclaw.ai/tools/web-fetch?_rsc=l45mz → 200 (78ms, ?B)
[2026-05-04T15:13:36.730Z] GET https://docs.openclaw.ai/tools/web?_rsc=l45mz → 200 (82ms, ?B)
[2026-05-04T15:13:36.823Z] GET https://docs.openclaw.ai/tools/brave-search?_rsc=l45mz → pending (?ms, ?B)
[2026-05-04T15:13:36.833Z] GET https://docs.openclaw.ai/?_rsc=l45mz → pending (?ms, ?B)
[2026-05-04T15:13:36.836Z] GET https://docs.openclaw.ai/install?_rsc=8iiso → pending (?ms, ?B)
[2026-05-04T15:13:36.840Z] GET https://docs.openclaw.ai/channels?_rsc=8iiso → pending (?ms, ?B)
[2026-05-04T15:13:37.069Z] GET https://docs.openclaw.ai/concepts/architecture?_rsc=8iiso → 200 (236ms, ?B)
[2026-05-04T15:13:37.487Z] GET https://docs.openclaw.ai/tools?_rsc=8iiso → 200 (15ms, ?B)
[2026-05-04T15:13:37.487Z] GET https://docs.openclaw.ai/providers?_rsc=8iiso → 200 (84ms, ?B)
[2026-05-04T15:13:37.487Z] GET https://docs.openclaw.ai/platforms?_rsc=8iiso → 200 (84ms, ?B)
[2026-05-04T15:13:37.487Z] GET https://docs.openclaw.ai/gateway?_rsc=8iiso → 200 (84ms, 6294543B)
[2026-05-04T15:13:37.495Z] GET https://docs.openclaw.ai/cli?_rsc=8iiso → 200 (76ms, ?B)
[2026-05-04T15:13:37.562Z] GET https://docs.openclaw.ai/help?_rsc=8iiso → 200 (78ms, ?B)
[2026-05-04T15:13:37.575Z] GET https://docs.openclaw.ai/tools/clawhub?_rsc=8iiso → 200 (221ms, ?B)
[2026-05-04T15:13:37.578Z] GET https://docs.openclaw.ai/plugins/voice-call?_rsc=l45mz → 200 (44ms, ?B)
[2026-05-04T15:13:37.581Z] GET https://docs.openclaw.ai/plugins/bundles?_rsc=l45mz → 200 (215ms, ?B)
[2026-05-04T15:13:37.583Z] GET https://docs.openclaw.ai/plugins/codex-harness?_rsc=l45mz → 200 (57ms, ?B)
[2026-05-04T15:13:37.640Z] GET https://docs.openclaw.ai/plugins/community?_rsc=l45mz → 200 (156ms, ?B)
[2026-05-04T15:13:37.796Z] GET https://docs.openclaw.ai/plugins/reference?_rsc=l45mz → 200 (19ms, ?B)
[2026-05-04T15:13:37.796Z] GET https://docs.openclaw.ai/tools/plugin?_rsc=l45mz → 200 (35ms, ?B)
[2026-05-04T15:13:37.796Z] GET https://docs.openclaw.ai/plugins/plugin-inventory?_rsc=l45mz → pending (?ms, ?B)
[2026-05-04T15:13:37.796Z] GET https://docs.openclaw.ai/plugins/google-meet?_rsc=l45mz → pending (?ms, ?B)
[2026-05-04T15:13:37.814Z] GET https://docs.openclaw.ai/plugins/codex-computer-use?_rsc=l45mz → pending (?ms, ?B)
[2026-05-04T15:13:37.990Z] GET https://docs.openclaw.ai/plugins/dependency-resolution?_rsc=l45mz → 200 (147ms, ?B)
[2026-05-04T15:13:38.137Z] GET https://docs.openclaw.ai/plugins/webhooks?_rsc=l45mz → 200 (7ms, ?B)
[2026-05-04T15:13:38.137Z] GET https://docs.openclaw.ai/plugins/manage-plugins?_rsc=l45mz → 200 (22ms, ?B)
[2026-05-04T15:13:38.137Z] GET https://docs.openclaw.ai/plugins/sdk-provider-plugins?_rsc=l45mz → 200 (182ms, 7109893B)
[2026-05-04T15:13:38.137Z] GET https://docs.openclaw.ai/plugins/message-presentation?_rsc=l45mz → 200 (182ms, ?B)
[2026-05-04T15:13:38.149Z] GET https://docs.openclaw.ai/plugins/sdk-migration?_rsc=l45mz → 200 (170ms, ?B)
[2026-05-04T15:13:38.319Z] GET https://docs.openclaw.ai/plugins/zalouser?_rsc=l45mz → 200 (5ms, ?B)
[2026-05-04T15:13:38.319Z] GET https://docs.openclaw.ai/plugins/skill-workshop?_rsc=l45mz → 200 (42ms, ?B)
[2026-05-04T15:13:38.328Z] GET https://docs.openclaw.ai/plugins/memory-wiki?_rsc=l45mz → 200 (36ms, ?B)
[2026-05-04T15:13:38.331Z] GET https://docs.openclaw.ai/plugins/memory-lancedb?_rsc=l45mz → 200 (204ms, ?B)
[2026-05-04T15:13:38.334Z] GET https://docs.openclaw.ai/plugins/compatibility?_rsc=l45mz → 200 (201ms, ?B)
[2026-05-04T15:13:41.624Z] POST https://docs.openclaw.ai/_mintlify/api/v1/e → 202 (176ms, 16B)
[2026-05-04T15:13:42.520Z] GET https://docs.openclaw.ai/plugins/manifest → 200 (52ms, ?B)
[2026-05-04T15:13:42.575Z] POST https://docs.openclaw.ai/cdn-cgi/rum? → pending (?ms, ?B)
[2026-05-04T15:13:42.579Z] GET https://docs.openclaw.ai/mintlify-assets/_next/static/media/bb3ef058b751a6ad-s.p.woff2 → 200 (29ms, 40480B)
[2026-05-04T15:13:42.579Z] GET https://docs.openclaw.ai/mintlify-assets/_next/static/media/c4b700dcb2187787-s.p.woff2 → 200 (23ms, 51636B)
[2026-05-04T15:13:42.579Z] GET https://docs.openclaw.ai/mintlify-assets/_next/static/media/e4af272ccee01ff0-s.p.woff2 → 200 (32ms, 48432B)
[2026-05-04T15:13:42.579Z] GET https://mintcdn.com/clawdhub/dpADRo8IUoiDztzJ/assets/pixel-lobster.svg?fit=max&auto=format&n=dpADRo8IUoiDztzJ&q=85&s=8fdf719fb6d3eaad7c65231385bf28e5 → 304 (40ms, ?B)
[2026-05-04T15:13:42.579Z] GET https://d3gk2c5xim1je2.cloudfront.net/flags/US.svg → 200 (4ms, 1356B)
[2026-05-04T15:13:42.583Z] GET https://docs.openclaw.ai/mintlify-assets/_next/static/css/2b0e6d1f6a2b7a1a.css?dpl=dpl_3Sdq3DEDRjZ8czrKr5KX7Z4eN9kb → 200 (16ms, 238032B)
[2026-05-04T15:13:42.583Z] GET https://docs.openclaw.ai/mintlify-assets/_next/static/css/6f9b80d484ead711.css?dpl=dpl_3Sdq3DEDRjZ8czrKr5KX7Z4eN9kb → 200 (14ms, 23777B)
[2026-05-04T15:13:42.583Z] GET https://docs.openclaw.ai/mintlify-assets/_next/static/css/05d6d8fcb903870d.css?dpl=dpl_3Sdq3DEDRjZ8czrKr5KX7Z4eN9kb → 200 (15ms, 15790B)
[2026-05-04T15:13:42.583Z] GET https://docs.openclaw.ai/mintlify-assets/_next/static/chunks/webpack-0dda57514400ea23.js?dpl=dpl_3Sdq3DEDRjZ8czrKr5KX7Z4eN9kb → 200 (44ms, 24713B)
[2026-05-04T15:13:42.583Z] GET https://docs.openclaw.ai/mintlify-assets/_next/static/chunks/87c73c54-09e1ba5c70e60a51.js?dpl=dpl_3Sdq3DEDRjZ8czrKr5KX7Z4eN9kb → 200 (47ms, 173023B)
[2026-05-04T15:13:42.583Z] GET https://docs.openclaw.ai/mintlify-assets/_next/static/chunks/90018-eb5250b945bdda19.js?dpl=dpl_3Sdq3DEDRjZ8czrKr5KX7Z4eN9kb → 200 (53ms, 173408B)
[2026-05-04T15:13:42.583Z] GET https://docs.openclaw.ai/mintlify-assets/_next/static/chunks/main-app-76ddd9525ef90e67.js?dpl=dpl_3Sdq3DEDRjZ8czrKr5KX7Z4eN9kb → 200 (50ms, 574B)
[2026-05-04T15:13:42.583Z] GET https://docs.openclaw.ai/mintlify-assets/_next/static/chunks/891cff7f-38ce37d594f7da31.js?dpl=dpl_3Sdq3DEDRjZ8czrKr5KX7Z4eN9kb → 200 (51ms, 325459B)
[2026-05-04T15:13:42.583Z] GET https://docs.openclaw.ai/mintlify-assets/_next/static/chunks/51288-0fb44d6be82e9af5.js?dpl=dpl_3Sdq3DEDRjZ8czrKr5KX7Z4eN9kb → 200 (45ms, 6945B)
[2026-05-04T15:13:42.583Z] GET https://docs.openclaw.ai/mintlify-assets/_next/static/chunks/14079-4865f1ab1b5bbf4b.js?dpl=dpl_3Sdq3DEDRjZ8czrKr5KX7Z4eN9kb → 200 (52ms, 67665B)
[2026-05-04T15:13:42.583Z] GET https://docs.openclaw.ai/mintlify-assets/_next/static/chunks/78238-22782f5aac7a6ef4.js?dpl=dpl_3Sdq3DEDRjZ8czrKr5KX7Z4eN9kb → 200 (118ms, 53453B)
[2026-05-04T15:13:42.583Z] GET https://docs.openclaw.ai/mintlify-assets/_next/static/chunks/95115-7f3830b22524c9f1.js?dpl=dpl_3Sdq3DEDRjZ8czrKr5KX7Z4eN9kb → 200 (118ms, 76906B)
[2026-05-04T15:13:42.583Z] GET https://docs.openclaw.ai/mintlify-assets/_next/static/chunks/93247-b07c7244bb0ac0f8.js?dpl=dpl_3Sdq3DEDRjZ8czrKr5KX7Z4eN9kb → 200 (82ms, 197905B)
[2026-05-04T15:13:42.583Z] GET https://docs.openclaw.ai/mintlify-assets/_next/static/chunks/98816-4875194b6205382d.js?dpl=dpl_3Sdq3DEDRjZ8czrKr5KX7Z4eN9kb → 200 (63ms, 56140B)
[2026-05-04T15:13:42.583Z] GET https://docs.openclaw.ai/mintlify-assets/_next/static/chunks/80239-ce217fc534a5bb94.js?dpl=dpl_3Sdq3DEDRjZ8czrKr5KX7Z4eN9kb → 200 (52ms, 43624B)
[2026-05-04T15:13:42.583Z] GET https://docs.openclaw.ai/mintlify-assets/_next/static/chunks/19664-8ce43df6b74bea12.js?dpl=dpl_3Sdq3DEDRjZ8czrKr5KX7Z4eN9kb → 200 (51ms, 8556B)
[2026-05-04T15:13:42.583Z] GET https://docs.openclaw.ai/mintlify-assets/_next/static/chunks/8685-3edaeb533c1369b7.js?dpl=dpl_3Sdq3DEDRjZ8czrKr5KX7Z4eN9kb → 200 (81ms, 33429B)
[2026-05-04T15:13:42.583Z] GET https://docs.openclaw.ai/mintlify-assets/_next/static/chunks/55016-5137c69187630db9.js?dpl=dpl_3Sdq3DEDRjZ8czrKr5KX7Z4eN9kb → 200 (65ms, 350724B)
[2026-05-04T15:13:42.583Z] GET https://docs.openclaw.ai/mintlify-assets/_next/static/chunks/75862-0e7c90644ebfd048.js?dpl=dpl_3Sdq3DEDRjZ8czrKr5KX7Z4eN9kb → 200 (81ms, 15495B)
[2026-05-04T15:13:42.583Z] GET https://docs.openclaw.ai/mintlify-assets/_next/static/chunks/71251-28f76702905f8b9a.js?dpl=dpl_3Sdq3DEDRjZ8czrKr5KX7Z4eN9kb → 200 (54ms, 16893B)
[2026-05-04T15:13:42.583Z] GET https://docs.openclaw.ai/mintlify-assets/_next/static/chunks/app/error-904203083e579f01.js?dpl=dpl_3Sdq3DEDRjZ8czrKr5KX7Z4eN9kb → 200 (80ms, 458B)
[2026-05-04T15:13:42.583Z] GET https://docs.openclaw.ai/mintlify-assets/_next/static/chunks/db261188-d8199d2c7818f473.js?dpl=dpl_3Sdq3DEDRjZ8czrKr5KX7Z4eN9kb → 200 (64ms, 268238B)
[2026-05-04T15:13:42.583Z] GET https://docs.openclaw.ai/mintlify-assets/_next/static/chunks/d30757c7-4504080d72b51329.js?dpl=dpl_3Sdq3DEDRjZ8czrKr5KX7Z4eN9kb → 200 (81ms, 6022B)
[2026-05-04T15:13:42.583Z] GET https://docs.openclaw.ai/mintlify-assets/_next/static/chunks/50867-b9f0047192ea1561.js?dpl=dpl_3Sdq3DEDRjZ8czrKr5KX7Z4eN9kb → 200 (84ms, 255483B)
[2026-05-04T15:13:42.583Z] GET https://docs.openclaw.ai/mintlify-assets/_next/static/chunks/37154-f1541a8c0dc3fc4f.js?dpl=dpl_3Sdq3DEDRjZ8czrKr5KX7Z4eN9kb → 200 (82ms, 261548B)
[2026-05-04T15:13:42.583Z] GET https://docs.openclaw.ai/mintlify-assets/_next/static/chunks/96613-d9098930227907bd.js?dpl=dpl_3Sdq3DEDRjZ8czrKr5KX7Z4eN9kb → 200 (81ms, 11030B)
[2026-05-04T15:13:42.583Z] GET https://docs.openclaw.ai/mintlify-assets/_next/static/chunks/66220-dc719718f3803595.js?dpl=dpl_3Sdq3DEDRjZ8czrKr5KX7Z4eN9kb → 200 (81ms, 800258B)
[2026-05-04T15:13:42.583Z] GET https://docs.openclaw.ai/mintlify-assets/_next/static/chunks/74902-aede07e132d9c71f.js?dpl=dpl_3Sdq3DEDRjZ8czrKr5KX7Z4eN9kb → 200 (62ms, 35538B)
[2026-05-04T15:13:42.583Z] GET https://docs.openclaw.ai/mintlify-assets/_next/static/chunks/68789-aa7dbc2fe57d93b1.js?dpl=dpl_3Sdq3DEDRjZ8czrKr5KX7Z4eN9kb → 200 (82ms, 54703B)
[2026-05-04T15:13:42.583Z] GET https://docs.openclaw.ai/mintlify-assets/_next/static/chunks/24253-97a943a955ad7b14.js?dpl=dpl_3Sdq3DEDRjZ8czrKr5KX7Z4eN9kb → 200 (82ms, 18486B)
[2026-05-04T15:13:42.583Z] GET https://docs.openclaw.ai/mintlify-assets/_next/static/chunks/67313-113d94c737a76db1.js?dpl=dpl_3Sdq3DEDRjZ8czrKr5KX7Z4eN9kb → 200 (82ms, 146814B)
[2026-05-04T15:13:42.583Z] GET https://docs.openclaw.ai/mintlify-assets/_next/static/chunks/73205-1667aa76af26a306.js?dpl=dpl_3Sdq3DEDRjZ8czrKr5KX7Z4eN9kb → 200 (84ms, 42712B)
[2026-05-04T15:13:42.583Z] GET https://docs.openclaw.ai/mintlify-assets/_next/static/chunks/20660-8c2743f8a47ba084.js?dpl=dpl_3Sdq3DEDRjZ8czrKr5KX7Z4eN9kb → 200 (263ms, ?B)
[2026-05-04T15:13:42.583Z] GET https://docs.openclaw.ai/mintlify-assets/_next/static/chunks/21749-3ca479933d49c653.js?dpl=dpl_3Sdq3DEDRjZ8czrKr5KX7Z4eN9kb → 200 (82ms, 147081B)
[2026-05-04T15:13:42.584Z] GET https://docs.openclaw.ai/mintlify-assets/_next/static/chunks/3433-882017849d90a548.js?dpl=dpl_3Sdq3DEDRjZ8czrKr5KX7Z4eN9kb → 200 (81ms, 116446B)
[2026-05-04T15:13:42.584Z] GET https://docs.openclaw.ai/mintlify-assets/_next/static/chunks/app/%255Fsites/%5Bsubdomain%5D/(multitenant)/layout-4c0943b42989c54c.js?dpl=dpl_3Sdq3DEDRjZ8czrKr5KX7Z4eN9kb → 200 (85ms, 286B)
[2026-05-04T15:13:42.584Z] GET https://docs.openclaw.ai/mintlify-assets/_next/static/chunks/3351-f655818da0318398.js?dpl=dpl_3Sdq3DEDRjZ8czrKr5KX7Z4eN9kb → 200 (81ms, 15575B)
[2026-05-04T15:13:42.584Z] GET https://docs.openclaw.ai/mintlify-assets/_next/static/chunks/app/%255Fsites/%5Bsubdomain%5D/not-found-1c8d41b8e0250ec9.js?dpl=dpl_3Sdq3DEDRjZ8czrKr5KX7Z4eN9kb → 200 (80ms, 202B)
[2026-05-04T15:13:42.584Z] GET https://docs.openclaw.ai/mintlify-assets/_next/static/chunks/60002-95c0c40f9f9c8646.js?dpl=dpl_3Sdq3DEDRjZ8czrKr5KX7Z4eN9kb → 200 (81ms, 94906B)
[2026-05-04T15:13:42.584Z] GET https://docs.openclaw.ai/mintlify-assets/_next/static/chunks/app/layout-68c7869c00b4865b.js?dpl=dpl_3Sdq3DEDRjZ8czrKr5KX7Z4eN9kb → 200 (86ms, 2300B)
[2026-05-04T15:13:42.584Z] GET https://docs.openclaw.ai/mintlify-assets/_next/static/chunks/app/%255Fsites/%5Bsubdomain%5D/error-b4aabeed68299375.js?dpl=dpl_3Sdq3DEDRjZ8czrKr5KX7Z4eN9kb → 200 (80ms, 457B)
[2026-05-04T15:13:42.584Z] GET https://docs.openclaw.ai/mintlify-assets/_next/static/chunks/881-be1f5ebf6e52da59.js?dpl=dpl_3Sdq3DEDRjZ8czrKr5KX7Z4eN9kb → 200 (117ms, 104734B)
[2026-05-04T15:13:42.584Z] GET https://docs.openclaw.ai/mintlify-assets/_next/static/chunks/app/%255Fsites/%5Bsubdomain%5D/(multitenant)/%5B%5B...slug%5D%5D/page-aacd5811fc3c90d2.js?dpl=dpl_3Sdq3DEDRjZ8czrKr5KX7Z4eN9kb → 200 (87ms, 1737B)
[2026-05-04T15:13:42.584Z] GET https://docs.openclaw.ai/mintlify-assets/_next/static/chunks/app/%255Fsites/%5Bsubdomain%5D/(multitenant)/not-found-dca22644b5cda74c.js?dpl=dpl_3Sdq3DEDRjZ8czrKr5KX7Z4eN9kb → 200 (86ms, 9192B)
[2026-05-04T15:13:42.584Z] GET https://docs.openclaw.ai/mintlify-assets/_next/static/chunks/8923-bf6bf01a29afab7f.js?dpl=dpl_3Sdq3DEDRjZ8czrKr5KX7Z4eN9kb → 200 (87ms, 43103B)
[2026-05-04T15:13:42.584Z] GET https://docs.openclaw.ai/mintlify-assets/_next/static/chunks/app/%255Fsites/%5Bsubdomain%5D/(multitenant)/%40topbar/%5B%5B...slug%5D%5D/page-6812930c7edb541b.js?dpl=dpl_3Sdq3DEDRjZ8czrKr5KX7Z4eN9kb → 200 (85ms, 1585B)
[2026-05-04T15:13:42.584Z] GET https://d4tuoctqmanu0.cloudfront.net/katex.min.css → 200 (?ms, 23112B)
[2026-05-04T15:13:42.584Z] GET https://fonts.googleapis.com/css2?family=DM+Sans:ital,wght@0,400;0,500;0,600;0,700;0,800;1,400;1,500;1,600;1,700;1,800&display=swap → 200 (?ms, 8735B)
[2026-05-04T15:13:42.584Z] GET https://fonts.googleapis.com/css2?family=Fragment+Mono:ital,wght@0,400;0,500;0,600;0,700;0,800;1,400;1,500;1,600;1,700;1,800&display=swap → 200 (?ms, 2420B)
[2026-05-04T15:13:42.617Z] GET https://fonts.gstatic.com/s/dmsans/v17/rP2Yp2ywxg089UriI5-g4vlH9VoD8Cmcqbu0-K4.woff2 → 200 (?ms, ?B)
[2026-05-04T15:13:42.618Z] GET https://fonts.gstatic.com/s/fragmentmono/v6/4iCr6K5wfMRRjxp0DA6-2CLnB4NHhg.woff2 → 200 (?ms, ?B)
[2026-05-04T15:13:42.779Z] GET https://d3gk2c5xim1je2.cloudfront.net/v7.1.0/brands/github.svg → 200 (?ms, 1587B)
[2026-05-04T15:13:42.780Z] GET https://d3gk2c5xim1je2.cloudfront.net/lucide/v0.545.0/package.svg → 200 (?ms, 446B)
[2026-05-04T15:13:42.780Z] GET https://d3gk2c5xim1je2.cloudfront.net/v7.1.0/brands/discord.svg → 200 (?ms, 1447B)
[2026-05-04T15:13:42.780Z] GET https://d3gk2c5xim1je2.cloudfront.net/lucide/v0.545.0/rocket.svg → 200 (5ms, 533B)
[2026-05-04T15:13:42.780Z] GET https://d3gk2c5xim1je2.cloudfront.net/lucide/v0.545.0/diagram-project.svg → pending (?ms, ?B)
[2026-05-04T15:13:42.780Z] GET https://d3gk2c5xim1je2.cloudfront.net/lucide/v0.545.0/book.svg → 200 (5ms, 310B)
[2026-05-04T15:13:42.844Z] GET https://docs.openclaw.ai/mintlify-assets/_next/static/chunks/93940.4ba8dfc310511af1.js?dpl=dpl_3Sdq3DEDRjZ8czrKr5KX7Z4eN9kb → 200 (18ms, ?B)
[2026-05-04T15:13:42.844Z] GET https://docs.openclaw.ai/mintlify-assets/_next/static/chunks/35076.0f387d5da3e2caec.js?dpl=dpl_3Sdq3DEDRjZ8czrKr5KX7Z4eN9kb → 200 (23ms, ?B)
[2026-05-04T15:13:42.844Z] GET https://docs.openclaw.ai/mintlify-assets/_next/static/chunks/b3ef812f.287b5ce983a6f934.js?dpl=dpl_3Sdq3DEDRjZ8czrKr5KX7Z4eN9kb → 200 (22ms, ?B)
[2026-05-04T15:13:42.845Z] GET https://docs.openclaw.ai/mintlify-assets/_next/static/chunks/59a51a4c.a29bd69fdcf3c532.js?dpl=dpl_3Sdq3DEDRjZ8czrKr5KX7Z4eN9kb → 200 (19ms, ?B)
[2026-05-04T15:13:42.845Z] GET https://docs.openclaw.ai/mintlify-assets/_next/static/chunks/52883.941e686112c382dd.js?dpl=dpl_3Sdq3DEDRjZ8czrKr5KX7Z4eN9kb → 200 (18ms, ?B)
[2026-05-04T15:13:42.845Z] GET https://docs.openclaw.ai/mintlify-assets/_next/static/chunks/98270.79c37bfe877beac9.js?dpl=dpl_3Sdq3DEDRjZ8czrKr5KX7Z4eN9kb → 200 (24ms, ?B)
[2026-05-04T15:13:42.845Z] GET https://docs.openclaw.ai/mintlify-assets/_next/static/chunks/5924.af6b06b26a098f2d.js?dpl=dpl_3Sdq3DEDRjZ8czrKr5KX7Z4eN9kb → 200 (24ms, ?B)
[2026-05-04T15:13:42.845Z] GET https://docs.openclaw.ai/mintlify-assets/_next/static/chunks/42261.22a1c076025571a1.js?dpl=dpl_3Sdq3DEDRjZ8czrKr5KX7Z4eN9kb → 200 (17ms, ?B)
[2026-05-04T15:13:42.845Z] GET https://docs.openclaw.ai/mintlify-assets/_next/static/chunks/40439.bc16d6e33e6df950.js?dpl=dpl_3Sdq3DEDRjZ8czrKr5KX7Z4eN9kb → 200 (21ms, ?B)
[2026-05-04T15:13:42.845Z] GET https://docs.openclaw.ai/mintlify-assets/_next/static/chunks/08e9f8d4.8ce89e007e5c174d.js?dpl=dpl_3Sdq3DEDRjZ8czrKr5KX7Z4eN9kb → 200 (18ms, ?B)
[2026-05-04T15:13:42.845Z] GET https://docs.openclaw.ai/mintlify-assets/_next/static/chunks/78513.ed0c286c90d4ea70.js?dpl=dpl_3Sdq3DEDRjZ8czrKr5KX7Z4eN9kb → 200 (17ms, ?B)
[2026-05-04T15:13:42.845Z] GET https://docs.openclaw.ai/mintlify-assets/_next/static/chunks/69848.1b5ee8e8ff184036.js?dpl=dpl_3Sdq3DEDRjZ8czrKr5KX7Z4eN9kb → 200 (21ms, ?B)
[2026-05-04T15:13:42.845Z] GET https://docs.openclaw.ai/mintlify-assets/_next/static/chunks/88844.5187b97ae7bc1b78.js?dpl=dpl_3Sdq3DEDRjZ8czrKr5KX7Z4eN9kb → 200 (18ms, ?B)
[2026-05-04T15:13:42.845Z] GET https://docs.openclaw.ai/mintlify-assets/_next/static/chunks/86654.afde61223263a4f5.js?dpl=dpl_3Sdq3DEDRjZ8czrKr5KX7Z4eN9kb → 200 (24ms, ?B)
[2026-05-04T15:13:42.845Z] GET https://docs.openclaw.ai/mintlify-assets/_next/static/chunks/6234.b57a9f09b64783f7.js?dpl=dpl_3Sdq3DEDRjZ8czrKr5KX7Z4eN9kb → 200 (25ms, ?B)
[2026-05-04T15:13:42.845Z] GET https://docs.openclaw.ai/mintlify-assets/_next/static/chunks/46888.7bf9e9ee1dde9d48.js?dpl=dpl_3Sdq3DEDRjZ8czrKr5KX7Z4eN9kb → 200 (18ms, ?B)
[2026-05-04T15:13:42.845Z] GET https://docs.openclaw.ai/mintlify-assets/_next/static/chunks/2383.ff4e82514a9b28d8.js?dpl=dpl_3Sdq3DEDRjZ8czrKr5KX7Z4eN9kb → 200 (21ms, ?B)
[2026-05-04T15:13:42.845Z] GET https://docs.openclaw.ai/mintlify-assets/_next/static/chunks/90036.2211674646c1fd55.js?dpl=dpl_3Sdq3DEDRjZ8czrKr5KX7Z4eN9kb → pending (?ms, ?B)
[2026-05-04T15:13:42.845Z] GET https://docs.openclaw.ai/mintlify-assets/_next/static/chunks/28433.6e0f14ae3b092066.js?dpl=dpl_3Sdq3DEDRjZ8czrKr5KX7Z4eN9kb → 200 (18ms, ?B)
[2026-05-04T15:13:42.845Z] GET https://docs.openclaw.ai/mintlify-assets/_next/static/chunks/58f38233.efd41f4fc15e4dbf.js?dpl=dpl_3Sdq3DEDRjZ8czrKr5KX7Z4eN9kb → 200 (21ms, ?B)
[2026-05-04T15:13:42.846Z] GET https://docs.openclaw.ai/mintlify-assets/_next/static/chunks/336436a7.fd164ad9f6edbdcf.js?dpl=dpl_3Sdq3DEDRjZ8czrKr5KX7Z4eN9kb → 200 (21ms, ?B)
[2026-05-04T15:13:42.846Z] GET https://docs.openclaw.ai/mintlify-assets/_next/static/chunks/6907ee1e.a05dea7661b06d5b.js?dpl=dpl_3Sdq3DEDRjZ8czrKr5KX7Z4eN9kb → 200 (21ms, ?B)
[2026-05-04T15:13:42.846Z] GET https://docs.openclaw.ai/mintlify-assets/_next/static/chunks/51972.45006755f1975ddf.js?dpl=dpl_3Sdq3DEDRjZ8czrKr5KX7Z4eN9kb → 200 (24ms, ?B)
[2026-05-04T15:13:42.846Z] GET https://docs.openclaw.ai/mintlify-assets/_next/static/chunks/40748.d6681cfbd0ab0917.js?dpl=dpl_3Sdq3DEDRjZ8czrKr5KX7Z4eN9kb → 200 (21ms, ?B)
[2026-05-04T15:13:42.846Z] GET https://docs.openclaw.ai/mintlify-assets/_next/static/chunks/10661.996ebf90e070ef2a.js?dpl=dpl_3Sdq3DEDRjZ8czrKr5KX7Z4eN9kb → 200 (24ms, ?B)
[2026-05-04T15:13:42.846Z] GET https://docs.openclaw.ai/mintlify-assets/_next/static/chunks/55598.827ba45db3293eac.js?dpl=dpl_3Sdq3DEDRjZ8czrKr5KX7Z4eN9kb → 200 (23ms, ?B)
[2026-05-04T15:13:42.846Z] GET https://docs.openclaw.ai/mintlify-assets/_next/static/chunks/17638.5a976eb14ecb333a.js?dpl=dpl_3Sdq3DEDRjZ8czrKr5KX7Z4eN9kb → 200 (23ms, ?B)
[2026-05-04T15:13:42.846Z] GET https://docs.openclaw.ai/mintlify-assets/_next/static/chunks/47178.2648299d4d4f9d0d.js?dpl=dpl_3Sdq3DEDRjZ8czrKr5KX7Z4eN9kb → 200 (21ms, ?B)
[2026-05-04T15:13:43.429Z] GET https://docs.openclaw.ai/mintlify-assets/_next/static/chunks/33821.de8a86831845e791.js?dpl=dpl_3Sdq3DEDRjZ8czrKr5KX7Z4eN9kb → 200 (102ms, 6395B)
[2026-05-04T15:13:43.429Z] GET https://docs.openclaw.ai/mintlify-assets/_next/static/chunks/18157.d0cc6b43417a32b3.js?dpl=dpl_3Sdq3DEDRjZ8czrKr5KX7Z4eN9kb → 200 (103ms, 7073B)
[2026-05-04T15:13:43.852Z] GET https://static.cloudflareinsights.com/beacon.min.js/v8c78df7c7c0f484497ecbca7046644da1771523124516 → 200 (1ms, 31169B)
[2026-05-04T15:13:43.920Z] POST https://docs.openclaw.ai/cdn-cgi/rum? → 204 (11ms, ?B)
[2026-05-04T15:13:44.208Z] GET https://docs.openclaw.ai/mintlify-assets/_next/static/chunks/88206.1dde85d08c3df7ae.js?dpl=dpl_3Sdq3DEDRjZ8czrKr5KX7Z4eN9kb → 200 (8ms, 3767B)
[2026-05-04T15:13:44.208Z] GET https://docs.openclaw.ai/plugins/building-plugins?_rsc=1669t → 200 (9ms, ?B)
[2026-05-04T15:13:44.208Z] GET https://docs.openclaw.ai/plugins/hooks?_rsc=1669t → 200 (8ms, 6305236B)
[2026-05-04T15:13:44.208Z] GET https://docs.openclaw.ai/plugins/sdk-channel-plugins?_rsc=1669t → 200 (9ms, ?B)
[2026-05-04T15:13:44.208Z] GET https://docs.openclaw.ai/plugins/sdk-overview?_rsc=1669t → 200 (9ms, ?B)
[2026-05-04T15:13:44.208Z] GET https://docs.openclaw.ai/plugins/sdk-subpaths?_rsc=1669t → 200 (9ms, ?B)
[2026-05-04T15:13:44.208Z] GET https://d3gk2c5xim1je2.cloudfront.net/lucide/v0.545.0/diagram-project.svg → 403 (60ms, 111B)
[2026-05-04T15:13:44.260Z] GET https://docs.openclaw.ai/plugins/sdk-entrypoints?_rsc=1669t → 200 (33ms, 6274538B)
[2026-05-04T15:13:44.262Z] GET https://docs.openclaw.ai/tools/browser?_rsc=1669t → 200 (31ms, ?B)
[2026-05-04T15:13:44.265Z] GET https://docs.openclaw.ai/tools/browser-control?_rsc=1669t → 200 (45ms, 6386656B)
[2026-05-04T15:13:44.267Z] GET https://docs.openclaw.ai/tools/browser-login?_rsc=1669t → 200 (82ms, ?B)
[2026-05-04T15:13:44.270Z] GET https://docs.openclaw.ai/tools/web-fetch?_rsc=1669t → 200 (82ms, ?B)
[2026-05-04T15:13:44.331Z] GET https://docs.openclaw.ai/tools/web?_rsc=1669t → 200 (73ms, ?B)
[2026-05-04T15:13:44.334Z] GET https://docs.openclaw.ai/tools/brave-search?_rsc=1669t → 200 (71ms, ?B)
[2026-05-04T15:13:44.352Z] GET https://docs.openclaw.ai/plugins/reference?_rsc=1669t → 200 (53ms, ?B)
[2026-05-04T15:13:44.391Z] GET https://docs.openclaw.ai/plugins/codex-computer-use?_rsc=1669t → 200 (208ms, ?B)
[2026-05-04T15:13:44.404Z] GET https://docs.openclaw.ai/plugins/bundles?_rsc=1669t → 200 (195ms, ?B)
[2026-05-04T15:13:44.599Z] GET https://docs.openclaw.ai/plugins/plugin-inventory?_rsc=1669t → 200 (7ms, ?B)
[2026-05-04T15:13:44.599Z] GET https://docs.openclaw.ai/tools?_rsc=1669t → 200 (7ms, ?B)
[2026-05-04T15:13:44.599Z] GET https://docs.openclaw.ai/plugins/voice-call?_rsc=1669t → 200 (10ms, ?B)
[2026-05-04T15:13:44.605Z] GET https://docs.openclaw.ai/plugins/codex-harness?_rsc=1669t → pending (?ms, ?B)
[2026-05-04T15:13:44.609Z] GET https://docs.openclaw.ai/plugins/dependency-resolution?_rsc=1669t → pending (?ms, ?B)
[2026-05-04T15:13:44.902Z] GET https://docs.openclaw.ai/plugins/webhooks?_rsc=1669t → pending (?ms, ?B)
[2026-05-04T15:13:44.902Z] GET https://docs.openclaw.ai/plugins/google-meet?_rsc=1669t → pending (?ms, ?B)
[2026-05-04T15:13:44.902Z] GET https://docs.openclaw.ai/?_rsc=1669t → pending (?ms, ?B)
[2026-05-04T15:13:45.043Z] GET https://docs.openclaw.ai/install?_rsc=7m7qa → 200 (18ms, ?B)
[2026-05-04T15:13:45.043Z] GET https://docs.openclaw.ai/channels?_rsc=7m7qa → 200 (18ms, ?B)
[2026-05-04T15:13:45.051Z] GET https://docs.openclaw.ai/concepts/architecture?_rsc=7m7qa → 200 (68ms, ?B)
[2026-05-04T15:13:45.055Z] GET https://docs.openclaw.ai/providers?_rsc=7m7qa → 200 (64ms, ?B)
[2026-05-04T15:13:45.058Z] GET https://docs.openclaw.ai/platforms?_rsc=7m7qa → 200 (62ms, ?B)
[2026-05-04T15:13:45.072Z] GET https://docs.openclaw.ai/gateway?_rsc=7m7qa → 200 (63ms, 6294543B)
[2026-05-04T15:13:45.091Z] GET https://docs.openclaw.ai/cli?_rsc=7m7qa → 200 (61ms, ?B)
[2026-05-04T15:13:45.146Z] GET https://docs.openclaw.ai/help?_rsc=7m7qa → 200 (188ms, ?B)
[2026-05-04T15:13:45.150Z] GET https://docs.openclaw.ai/plugins/manage-plugins?_rsc=1669t → 200 (351ms, ?B)
[2026-05-04T15:13:45.152Z] GET https://docs.openclaw.ai/tools/plugin?_rsc=1669t → 200 (349ms, ?B)
[2026-05-04T15:13:45.171Z] GET https://docs.openclaw.ai/plugins/community?_rsc=1669t → 200 (330ms, ?B)
[2026-05-04T15:13:45.178Z] GET https://docs.openclaw.ai/plugins/architecture?_rsc=1669t → 200 (323ms, 6289561B)
[2026-05-04T15:13:45.501Z] GET https://docs.openclaw.ai/tools/skills?_rsc=1669t → 200 (2ms, ?B)
[2026-05-04T15:13:45.501Z] GET https://docs.openclaw.ai/plugins/sdk-testing?_rsc=1669t → 200 (213ms, ?B)
[2026-05-04T15:13:45.501Z] GET https://docs.openclaw.ai/plugins/sdk-channel-turn?_rsc=1669t → 200 (213ms, ?B)
[2026-05-04T15:13:45.501Z] GET https://docs.openclaw.ai/tools/creating-skills?_rsc=1669t → 200 (26ms, ?B)
[2026-05-04T15:13:45.502Z] GET https://docs.openclaw.ai/tools/slash-commands?_rsc=1669t → 200 (212ms, ?B)
[2026-05-04T15:13:45.556Z] GET https://docs.openclaw.ai/tools/skills-config?_rsc=1669t → 200 (158ms, ?B)
[2026-05-04T15:13:45.714Z] GET https://docs.openclaw.ai/plugins/sdk-runtime?_rsc=1669t → 200 (183ms, ?B)
[2026-05-04T15:13:45.714Z] GET https://docs.openclaw.ai/plugins/architecture-internals?_rsc=1669t → 200 (177ms, ?B)
[2026-05-04T15:13:45.714Z] GET https://docs.openclaw.ai/plugins/sdk-agent-harness?_rsc=1669t → 200 (185ms, ?B)
[2026-05-04T15:13:45.714Z] GET https://docs.openclaw.ai/plugins/sdk-setup?_rsc=1669t → 200 (185ms, ?B)
[2026-05-04T15:13:49.066Z] POST https://docs.openclaw.ai/_mintlify/api/v1/e → pending (?ms, ?B)
[2026-05-04T15:18:59.342Z] GET https://clawhub.ai/publish → 404 (164ms, 18175B)
[2026-05-04T15:18:59.512Z] GET https://clawhub.ai/clawd-logo.png → 200 (20ms, 995804B)
[2026-05-04T15:18:59.512Z] GET https://clawhub.ai/assets/styles-C65Jmzrv.css → 200 (16ms, 219598B)
[2026-05-04T15:18:59.512Z] GET https://clawhub.ai/assets/index-Bsp7mgCq.js → 200 (90ms, 996130B)
[2026-05-04T15:18:59.512Z] GET https://clawhub.ai/assets/defineProperty-D6CiH3uZ.js → 200 (25ms, 707B)
[2026-05-04T15:18:59.512Z] GET https://clawhub.ai/assets/chunk-CilyBKbf.js → 200 (17ms, 694B)
[2026-05-04T15:18:59.513Z] GET https://clawhub.ai/assets/preload-helper-CM8YhcCa.js → 200 (15ms, 1193B)
[2026-05-04T15:18:59.513Z] GET https://clawhub.ai/assets/utils-CcepsuBT.js → 200 (16ms, 26412B)
[2026-05-04T15:18:59.513Z] GET https://clawhub.ai/assets/badges-CdiXh2C3.js → 200 (88ms, 271B)
[2026-05-04T15:18:59.513Z] GET https://clawhub.ai/assets/hasOwnProperty-BsxNOImh.js → 200 (15ms, 105B)
[2026-05-04T15:18:59.513Z] GET https://clawhub.ai/assets/numberFormat-hFhkO7w2.js → 200 (20ms, 594B)
[2026-05-04T15:18:59.513Z] GET https://clawhub.ai/assets/runtimeEnv-CuhYzdQ6.js → 200 (19ms, 983B)
[2026-05-04T15:18:59.513Z] GET https://clawhub.ai/assets/timeAgo-lzRFRABj.js → 200 (20ms, 292B)
[2026-05-04T15:18:59.599Z] GET https://clawhub.ai/assets/bricolage-grotesque-latin-700-normal-gtcctNPv.woff2 → 200 (119ms, 22384B)
[2026-05-04T15:18:59.599Z] GET https://clawhub.ai/assets/manrope-latin-400-normal-PaqtzbVb.woff2 → 200 (118ms, 14108B)
[2026-05-04T15:18:59.599Z] GET https://clawhub.ai/assets/manrope-latin-700-normal-BZp_XxE4.woff2 → 200 (119ms, 14212B)
[2026-05-04T15:18:59.599Z] GET https://clawhub.ai/assets/manrope-latin-500-normal-BYYD-dBL.woff2 → 200 (119ms, 14044B)
[2026-05-04T15:18:59.599Z] GET https://clawhub.ai/assets/manrope-latin-600-normal-4f0koTD-.woff2 → 200 (118ms, 14172B)
[2026-05-04T15:18:59.773Z] GET https://clawhub.ai/_vercel/insights/script.js → 200 (27ms, 2495B)
[2026-05-04T15:19:02.420Z] GET https://clawhub.ai/plugins/azothex → 200 (712ms, 53871B)
[2026-05-04T15:19:03.151Z] GET https://clawhub.ai/clawd-logo.png → 304 (24ms, ?B)
[2026-05-04T15:19:03.153Z] GET https://clawhub.ai/assets/styles-C65Jmzrv.css → 200 (?ms, 219598B)
[2026-05-04T15:19:03.153Z] GET https://clawhub.ai/assets/index-Bsp7mgCq.js → 200 (?ms, 996130B)
[2026-05-04T15:19:03.153Z] GET https://clawhub.ai/assets/defineProperty-D6CiH3uZ.js → 200 (?ms, 707B)
[2026-05-04T15:19:03.153Z] GET https://clawhub.ai/assets/chunk-CilyBKbf.js → 200 (?ms, 694B)
[2026-05-04T15:19:03.153Z] GET https://clawhub.ai/assets/preload-helper-CM8YhcCa.js → 200 (?ms, 1193B)
[2026-05-04T15:19:03.154Z] GET https://clawhub.ai/assets/utils-CcepsuBT.js → 200 (?ms, 26412B)
[2026-05-04T15:19:03.154Z] GET https://clawhub.ai/assets/badges-CdiXh2C3.js → 200 (?ms, 271B)
[2026-05-04T15:19:03.154Z] GET https://clawhub.ai/assets/hasOwnProperty-BsxNOImh.js → 200 (?ms, 105B)
[2026-05-04T15:19:03.154Z] GET https://clawhub.ai/assets/numberFormat-hFhkO7w2.js → 200 (?ms, 594B)
[2026-05-04T15:19:03.154Z] GET https://clawhub.ai/assets/runtimeEnv-CuhYzdQ6.js → 200 (?ms, 983B)
[2026-05-04T15:19:03.156Z] GET https://clawhub.ai/assets/timeAgo-lzRFRABj.js → 200 (?ms, 292B)
[2026-05-04T15:19:03.156Z] GET https://clawhub.ai/assets/_name-BLucs1eg.js → 200 (45ms, 15082B)
[2026-05-04T15:19:03.156Z] GET https://clawhub.ai/assets/MarkdownPreview-Cv8QqS91.js → 200 (45ms, 181261B)
[2026-05-04T15:19:03.156Z] GET https://clawhub.ai/assets/useRouterState-BwPuDh0g.js → 200 (44ms, 408B)
[2026-05-04T15:19:03.156Z] GET https://clawhub.ai/assets/InstallCopyButton-CKVFfto8.js → 200 (45ms, 4919B)
[2026-05-04T15:19:03.156Z] GET https://clawhub.ai/assets/external-link-Fw7Hlt7Q.js → 200 (45ms, 241B)
[2026-05-04T15:19:03.156Z] GET https://clawhub.ai/assets/packageLabels-o9WRqCgY.js → 200 (44ms, 142B)
[2026-05-04T15:19:03.172Z] GET https://clawhub.ai/assets/bricolage-grotesque-latin-700-normal-gtcctNPv.woff2 → 200 (?ms, ?B)
[2026-05-04T15:19:03.173Z] GET https://clawhub.ai/assets/manrope-latin-400-normal-PaqtzbVb.woff2 → 200 (?ms, ?B)
[2026-05-04T15:19:03.173Z] GET https://clawhub.ai/assets/manrope-latin-500-normal-BYYD-dBL.woff2 → 200 (?ms, ?B)
[2026-05-04T15:19:03.173Z] GET https://clawhub.ai/assets/manrope-latin-600-normal-4f0koTD-.woff2 → 200 (?ms, ?B)
[2026-05-04T15:19:03.174Z] GET https://clawhub.ai/assets/manrope-latin-700-normal-BZp_XxE4.woff2 → 200 (?ms, ?B)
[2026-05-04T15:19:03.174Z] GET https://clawhub.ai/assets/ibm-plex-mono-latin-400-normal-DMJ8VG8y.woff2 → 200 (34ms, 14708B)
[2026-05-04T15:19:03.333Z] GET https://clawhub.ai/assets/rehypeProxyImages-CsLExHuz.js → 200 (26ms, 155369B)
[2026-05-04T15:19:03.334Z] GET https://clawhub.ai/assets/space-separated-tokens-nAQSGdXN.js → 200 (23ms, 75990B)
[2026-05-04T15:19:03.334Z] GET https://clawhub.ai/assets/SkillSecurityScanResults-jbAnb1Kx.js → 200 (14ms, 14129B)
[2026-05-04T15:19:03.334Z] GET https://clawhub.ai/assets/shield-check-Ck9VqoAX.js → 200 (24ms, 310B)
[2026-05-04T15:19:03.379Z] GET https://clawhub.ai/_vercel/insights/script.js → 200 (1ms, 2495B)
[2026-05-04T15:19:03.423Z] GET https://clawhub.ai/assets/dist-BQbJFPp1.js → 200 (16ms, 134384B)
[2026-05-04T15:19:03.444Z] GET https://clawhub.ai/assets/shellscript-CX3nKKdO.js → 200 (35ms, 41534B)
[2026-05-04T15:19:03.444Z] GET https://clawhub.ai/assets/typescript-40FTS0vk.js → 200 (72ms, 181135B)
[2026-05-04T15:19:03.445Z] GET https://clawhub.ai/assets/tsx-D4v5S1WU.js → 200 (26ms, 175591B)
[2026-05-04T15:19:03.445Z] GET https://clawhub.ai/assets/javascript-BjybAq9K.js → 200 (26ms, 174882B)
[2026-05-04T15:19:03.445Z] GET https://clawhub.ai/assets/jsx-Bcx1TYME.js → 200 (35ms, 177847B)
[2026-05-04T15:19:03.445Z] GET https://clawhub.ai/assets/json-BCLknKLN.js → 200 (28ms, 2879B)
[2026-05-04T15:19:03.445Z] GET https://clawhub.ai/assets/yaml-Ce5FcHgm.js → 200 (74ms, 10561B)
[2026-05-04T15:19:03.445Z] GET https://clawhub.ai/assets/http-nT5hj2XH.js → 200 (29ms, 4416B)
[2026-05-04T15:19:03.445Z] GET https://clawhub.ai/assets/graphql-BJNN81Je.js → 200 (23ms, 18076B)
[2026-05-04T15:19:03.445Z] GET https://clawhub.ai/assets/xml-DmZuGb1f.js → 200 (16ms, 5438B)
[2026-05-04T15:19:03.445Z] GET https://clawhub.ai/assets/java-PjIhg9H-.js → 200 (23ms, 27274B)
[2026-05-04T15:19:03.445Z] GET https://clawhub.ai/assets/html-K7AEtzz8.js → 200 (26ms, 57311B)
[2026-05-04T15:19:03.446Z] GET https://clawhub.ai/assets/css-BVX2Ftpb.js → 200 (19ms, 49096B)
[2026-05-04T15:19:03.446Z] GET https://clawhub.ai/assets/wasm-CqoO593O.js → 200 (44ms, 622325B)
[2026-05-04T15:19:03.446Z] GET https://clawhub.ai/assets/github-dark-C2YvJIRl.js → 200 (26ms, 11402B)
[2026-05-04T15:19:03.446Z] GET https://clawhub.ai/assets/markdown-CppElJDR.js → 200 (21ms, 59328B)
[2026-05-04T15:19:03.446Z] GET https://clawhub.ai/assets/python-CUtprRpG.js → 200 (27ms, 69945B)
[2026-05-04T15:19:03.446Z] GET https://clawhub.ai/assets/nix-BZVKmCQS.js → 200 (29ms, 15504B)
[2026-05-04T15:19:03.446Z] GET https://clawhub.ai/assets/toml-BncMjmx0.js → 200 (33ms, 6419B)
[2026-05-04T15:19:03.446Z] GET https://clawhub.ai/assets/rust-ppknoGus.js → 200 (26ms, 15062B)
[2026-05-04T15:19:03.446Z] GET https://clawhub.ai/assets/go-CBLPIubs.js → 200 (23ms, 46811B)
[2026-05-04T15:19:03.446Z] GET https://clawhub.ai/assets/docker-r0L9bSzI.js → 200 (28ms, 1734B)
[2026-05-04T15:19:03.446Z] GET https://clawhub.ai/assets/diff-pSjjL-ZH.js → 200 (23ms, 2562B)
[2026-05-04T15:19:14.105Z] GET https://clawhub.ai/publish/plugin → 200 (319ms, ?B)
[2026-05-04T15:19:14.428Z] GET https://clawhub.ai/clawd-logo.png → pending (?ms, ?B)
[2026-05-04T15:19:14.429Z] GET https://clawhub.ai/assets/styles-C65Jmzrv.css → 200 (?ms, ?B)
[2026-05-04T15:19:14.429Z] GET https://clawhub.ai/assets/index-Bsp7mgCq.js → 200 (?ms, ?B)
[2026-05-04T15:19:14.429Z] GET https://clawhub.ai/assets/defineProperty-D6CiH3uZ.js → 200 (?ms, ?B)
[2026-05-04T15:19:14.429Z] GET https://clawhub.ai/assets/chunk-CilyBKbf.js → 200 (?ms, ?B)
[2026-05-04T15:19:14.429Z] GET https://clawhub.ai/assets/preload-helper-CM8YhcCa.js → 200 (?ms, ?B)
[2026-05-04T15:19:14.431Z] GET https://clawhub.ai/assets/utils-CcepsuBT.js → 200 (?ms, ?B)
[2026-05-04T15:19:14.431Z] GET https://clawhub.ai/assets/badges-CdiXh2C3.js → 200 (?ms, ?B)
[2026-05-04T15:19:14.431Z] GET https://clawhub.ai/assets/hasOwnProperty-BsxNOImh.js → 200 (?ms, ?B)
[2026-05-04T15:19:14.431Z] GET https://clawhub.ai/assets/numberFormat-hFhkO7w2.js → 200 (?ms, ?B)
[2026-05-04T15:19:14.431Z] GET https://clawhub.ai/assets/runtimeEnv-CuhYzdQ6.js → 200 (?ms, ?B)
[2026-05-04T15:19:14.432Z] GET https://clawhub.ai/assets/timeAgo-lzRFRABj.js → 200 (?ms, ?B)
[2026-05-04T15:19:14.432Z] GET https://clawhub.ai/assets/_slug-h5xeGHx0.js → pending (?ms, ?B)
[2026-05-04T15:19:14.432Z] GET https://clawhub.ai/assets/useRouterState-BwPuDh0g.js → 200 (?ms, ?B)
[2026-05-04T15:19:14.432Z] GET https://clawhub.ai/assets/SkillDetailPage-nEnb7e6B.js → pending (?ms, ?B)
[2026-05-04T15:19:14.436Z] GET https://clawhub.ai/assets/bricolage-grotesque-latin-700-normal-gtcctNPv.woff2 → 200 (?ms, ?B)
[2026-05-04T15:19:14.436Z] GET https://clawhub.ai/assets/manrope-latin-400-normal-PaqtzbVb.woff2 → 200 (?ms, ?B)
[2026-05-04T15:19:14.436Z] GET https://clawhub.ai/assets/manrope-latin-500-normal-BYYD-dBL.woff2 → 200 (?ms, ?B)
[2026-05-04T15:19:14.436Z] GET https://clawhub.ai/assets/manrope-latin-600-normal-4f0koTD-.woff2 → 200 (?ms, ?B)
[2026-05-04T15:19:14.437Z] GET https://clawhub.ai/assets/manrope-latin-700-normal-BZp_XxE4.woff2 → 200 (?ms, ?B)
[2026-05-04T15:19:14.437Z] GET https://clawhub.ai/assets/ibm-plex-mono-latin-400-normal-DMJ8VG8y.woff2 → 200 (?ms, ?B)
[2026-05-04T15:19:14.540Z] GET https://clawhub.ai/assets/rehypeProxyImages-CsLExHuz.js → 200 (?ms, 155369B)
[2026-05-04T15:19:14.541Z] GET https://clawhub.ai/assets/InstallCopyButton-CKVFfto8.js → 200 (?ms, 4919B)
[2026-05-04T15:19:14.541Z] GET https://clawhub.ai/assets/SkillSecurityScanResults-jbAnb1Kx.js → 200 (?ms, 14129B)
[2026-05-04T15:19:14.541Z] GET https://clawhub.ai/assets/shield-check-Ck9VqoAX.js → 200 (1ms, 310B)
[2026-05-04T15:19:14.558Z] GET https://clawhub.ai/_vercel/insights/script.js → 200 (?ms, 2495B)
[2026-05-04T15:19:18.935Z] GET https://docs.openclaw.ai/plugins/sdk-overview → 200 (147ms, ?B)
[2026-05-04T15:19:19.092Z] GET https://docs.openclaw.ai/mintlify-assets/_next/static/media/bb3ef058b751a6ad-s.p.woff2 → 200 (44ms, 40480B)
[2026-05-04T15:19:19.095Z] GET https://docs.openclaw.ai/mintlify-assets/_next/static/media/c4b700dcb2187787-s.p.woff2 → 200 (42ms, 51636B)
[2026-05-04T15:19:19.095Z] GET https://docs.openclaw.ai/mintlify-assets/_next/static/media/e4af272ccee01ff0-s.p.woff2 → 200 (42ms, 48432B)
[2026-05-04T15:19:19.095Z] GET https://mintcdn.com/clawdhub/dpADRo8IUoiDztzJ/assets/pixel-lobster.svg?fit=max&auto=format&n=dpADRo8IUoiDztzJ&q=85&s=8fdf719fb6d3eaad7c65231385bf28e5 → 200 (133ms, 2134B)
[2026-05-04T15:19:19.095Z] GET https://d3gk2c5xim1je2.cloudfront.net/flags/US.svg → 200 (4ms, 1356B)
[2026-05-04T15:19:19.095Z] GET https://docs.openclaw.ai/mintlify-assets/_next/static/css/2b0e6d1f6a2b7a1a.css?dpl=dpl_3Sdq3DEDRjZ8czrKr5KX7Z4eN9kb → 200 (17ms, 238032B)
[2026-05-04T15:19:19.095Z] GET https://docs.openclaw.ai/mintlify-assets/_next/static/css/6f9b80d484ead711.css?dpl=dpl_3Sdq3DEDRjZ8czrKr5KX7Z4eN9kb → 200 (28ms, 23777B)
[2026-05-04T15:19:19.095Z] GET https://docs.openclaw.ai/mintlify-assets/_next/static/css/05d6d8fcb903870d.css?dpl=dpl_3Sdq3DEDRjZ8czrKr5KX7Z4eN9kb → 200 (22ms, 15790B)
[2026-05-04T15:19:19.095Z] GET https://docs.openclaw.ai/mintlify-assets/_next/static/chunks/webpack-0dda57514400ea23.js?dpl=dpl_3Sdq3DEDRjZ8czrKr5KX7Z4eN9kb → 200 (135ms, 24713B)
[2026-05-04T15:19:19.095Z] GET https://docs.openclaw.ai/mintlify-assets/_next/static/chunks/87c73c54-09e1ba5c70e60a51.js?dpl=dpl_3Sdq3DEDRjZ8czrKr5KX7Z4eN9kb → 200 (137ms, 173023B)
[2026-05-04T15:19:19.095Z] GET https://docs.openclaw.ai/mintlify-assets/_next/static/chunks/90018-eb5250b945bdda19.js?dpl=dpl_3Sdq3DEDRjZ8czrKr5KX7Z4eN9kb → 200 (136ms, 173408B)
[2026-05-04T15:19:19.095Z] GET https://docs.openclaw.ai/mintlify-assets/_next/static/chunks/main-app-76ddd9525ef90e67.js?dpl=dpl_3Sdq3DEDRjZ8czrKr5KX7Z4eN9kb → 200 (135ms, 574B)
[2026-05-04T15:19:19.095Z] GET https://docs.openclaw.ai/mintlify-assets/_next/static/chunks/891cff7f-38ce37d594f7da31.js?dpl=dpl_3Sdq3DEDRjZ8czrKr5KX7Z4eN9kb → 200 (137ms, 325459B)
[2026-05-04T15:19:19.095Z] GET https://docs.openclaw.ai/mintlify-assets/_next/static/chunks/51288-0fb44d6be82e9af5.js?dpl=dpl_3Sdq3DEDRjZ8czrKr5KX7Z4eN9kb → 200 (139ms, 6945B)
[2026-05-04T15:19:19.095Z] GET https://docs.openclaw.ai/mintlify-assets/_next/static/chunks/14079-4865f1ab1b5bbf4b.js?dpl=dpl_3Sdq3DEDRjZ8czrKr5KX7Z4eN9kb → 200 (136ms, 67665B)
[2026-05-04T15:19:19.095Z] GET https://docs.openclaw.ai/mintlify-assets/_next/static/chunks/78238-22782f5aac7a6ef4.js?dpl=dpl_3Sdq3DEDRjZ8czrKr5KX7Z4eN9kb → 200 (149ms, 53453B)
[2026-05-04T15:19:19.095Z] GET https://docs.openclaw.ai/mintlify-assets/_next/static/chunks/95115-7f3830b22524c9f1.js?dpl=dpl_3Sdq3DEDRjZ8czrKr5KX7Z4eN9kb → 200 (139ms, 76906B)
[2026-05-04T15:19:19.095Z] GET https://docs.openclaw.ai/mintlify-assets/_next/static/chunks/93247-b07c7244bb0ac0f8.js?dpl=dpl_3Sdq3DEDRjZ8czrKr5KX7Z4eN9kb → 200 (144ms, 197905B)
[2026-05-04T15:19:19.095Z] GET https://docs.openclaw.ai/mintlify-assets/_next/static/chunks/98816-4875194b6205382d.js?dpl=dpl_3Sdq3DEDRjZ8czrKr5KX7Z4eN9kb → 200 (146ms, 56140B)
[2026-05-04T15:19:19.095Z] GET https://docs.openclaw.ai/mintlify-assets/_next/static/chunks/80239-ce217fc534a5bb94.js?dpl=dpl_3Sdq3DEDRjZ8czrKr5KX7Z4eN9kb → 200 (142ms, 43624B)
[2026-05-04T15:19:19.095Z] GET https://docs.openclaw.ai/mintlify-assets/_next/static/chunks/19664-8ce43df6b74bea12.js?dpl=dpl_3Sdq3DEDRjZ8czrKr5KX7Z4eN9kb → 200 (143ms, 8556B)
[2026-05-04T15:19:19.095Z] GET https://docs.openclaw.ai/mintlify-assets/_next/static/chunks/8685-3edaeb533c1369b7.js?dpl=dpl_3Sdq3DEDRjZ8czrKr5KX7Z4eN9kb → 200 (147ms, 33429B)
[2026-05-04T15:19:19.095Z] GET https://docs.openclaw.ai/mintlify-assets/_next/static/chunks/55016-5137c69187630db9.js?dpl=dpl_3Sdq3DEDRjZ8czrKr5KX7Z4eN9kb → 200 (146ms, 350724B)
[2026-05-04T15:19:19.095Z] GET https://docs.openclaw.ai/mintlify-assets/_next/static/chunks/75862-0e7c90644ebfd048.js?dpl=dpl_3Sdq3DEDRjZ8czrKr5KX7Z4eN9kb → 200 (143ms, 15495B)
[2026-05-04T15:19:19.095Z] GET https://docs.openclaw.ai/mintlify-assets/_next/static/chunks/71251-28f76702905f8b9a.js?dpl=dpl_3Sdq3DEDRjZ8czrKr5KX7Z4eN9kb → 200 (143ms, 16893B)
[2026-05-04T15:19:19.095Z] GET https://docs.openclaw.ai/mintlify-assets/_next/static/chunks/app/error-904203083e579f01.js?dpl=dpl_3Sdq3DEDRjZ8czrKr5KX7Z4eN9kb → 200 (147ms, 458B)
[2026-05-04T15:19:19.095Z] GET https://docs.openclaw.ai/mintlify-assets/_next/static/chunks/db261188-d8199d2c7818f473.js?dpl=dpl_3Sdq3DEDRjZ8czrKr5KX7Z4eN9kb → 200 (148ms, 268238B)
[2026-05-04T15:19:19.098Z] GET https://docs.openclaw.ai/mintlify-assets/_next/static/chunks/d30757c7-4504080d72b51329.js?dpl=dpl_3Sdq3DEDRjZ8czrKr5KX7Z4eN9kb → 200 (144ms, 6022B)
[2026-05-04T15:19:19.098Z] GET https://docs.openclaw.ai/mintlify-assets/_next/static/chunks/50867-b9f0047192ea1561.js?dpl=dpl_3Sdq3DEDRjZ8czrKr5KX7Z4eN9kb → 200 (137ms, 255483B)
[2026-05-04T15:19:19.098Z] GET https://docs.openclaw.ai/mintlify-assets/_next/static/chunks/37154-f1541a8c0dc3fc4f.js?dpl=dpl_3Sdq3DEDRjZ8czrKr5KX7Z4eN9kb → 200 (144ms, 261548B)
[2026-05-04T15:19:19.098Z] GET https://docs.openclaw.ai/mintlify-assets/_next/static/chunks/96613-d9098930227907bd.js?dpl=dpl_3Sdq3DEDRjZ8czrKr5KX7Z4eN9kb → 200 (144ms, 11030B)
[2026-05-04T15:19:19.098Z] GET https://docs.openclaw.ai/mintlify-assets/_next/static/chunks/66220-dc719718f3803595.js?dpl=dpl_3Sdq3DEDRjZ8czrKr5KX7Z4eN9kb → 200 (145ms, 800258B)
[2026-05-04T15:19:19.098Z] GET https://docs.openclaw.ai/mintlify-assets/_next/static/chunks/74902-aede07e132d9c71f.js?dpl=dpl_3Sdq3DEDRjZ8czrKr5KX7Z4eN9kb → 200 (136ms, 35538B)
[2026-05-04T15:19:19.098Z] GET https://docs.openclaw.ai/mintlify-assets/_next/static/chunks/68789-aa7dbc2fe57d93b1.js?dpl=dpl_3Sdq3DEDRjZ8czrKr5KX7Z4eN9kb → 200 (144ms, 54703B)
[2026-05-04T15:19:19.098Z] GET https://docs.openclaw.ai/mintlify-assets/_next/static/chunks/24253-97a943a955ad7b14.js?dpl=dpl_3Sdq3DEDRjZ8czrKr5KX7Z4eN9kb → 200 (143ms, 18486B)
[2026-05-04T15:19:19.098Z] GET https://docs.openclaw.ai/mintlify-assets/_next/static/chunks/67313-113d94c737a76db1.js?dpl=dpl_3Sdq3DEDRjZ8czrKr5KX7Z4eN9kb → 200 (145ms, 146814B)
[2026-05-04T15:19:19.098Z] GET https://docs.openclaw.ai/mintlify-assets/_next/static/chunks/73205-1667aa76af26a306.js?dpl=dpl_3Sdq3DEDRjZ8czrKr5KX7Z4eN9kb → 200 (145ms, 42712B)
[2026-05-04T15:19:19.098Z] GET https://docs.openclaw.ai/mintlify-assets/_next/static/chunks/20660-8c2743f8a47ba084.js?dpl=dpl_3Sdq3DEDRjZ8czrKr5KX7Z4eN9kb → 200 (298ms, ?B)
[2026-05-04T15:19:19.098Z] GET https://docs.openclaw.ai/mintlify-assets/_next/static/chunks/21749-3ca479933d49c653.js?dpl=dpl_3Sdq3DEDRjZ8czrKr5KX7Z4eN9kb → 200 (144ms, 147081B)
[2026-05-04T15:19:19.098Z] GET https://docs.openclaw.ai/mintlify-assets/_next/static/chunks/3433-882017849d90a548.js?dpl=dpl_3Sdq3DEDRjZ8czrKr5KX7Z4eN9kb → 200 (145ms, 116446B)
[2026-05-04T15:19:19.098Z] GET https://docs.openclaw.ai/mintlify-assets/_next/static/chunks/app/%255Fsites/%5Bsubdomain%5D/(multitenant)/layout-4c0943b42989c54c.js?dpl=dpl_3Sdq3DEDRjZ8czrKr5KX7Z4eN9kb → 200 (136ms, 286B)
[2026-05-04T15:19:19.098Z] GET https://docs.openclaw.ai/mintlify-assets/_next/static/chunks/3351-f655818da0318398.js?dpl=dpl_3Sdq3DEDRjZ8czrKr5KX7Z4eN9kb → 200 (145ms, 15575B)
[2026-05-04T15:19:19.098Z] GET https://docs.openclaw.ai/mintlify-assets/_next/static/chunks/app/%255Fsites/%5Bsubdomain%5D/not-found-1c8d41b8e0250ec9.js?dpl=dpl_3Sdq3DEDRjZ8czrKr5KX7Z4eN9kb → 200 (145ms, 202B)
[2026-05-04T15:19:19.098Z] GET https://docs.openclaw.ai/mintlify-assets/_next/static/chunks/60002-95c0c40f9f9c8646.js?dpl=dpl_3Sdq3DEDRjZ8czrKr5KX7Z4eN9kb → 200 (139ms, 94906B)
[2026-05-04T15:19:19.098Z] GET https://docs.openclaw.ai/mintlify-assets/_next/static/chunks/app/layout-68c7869c00b4865b.js?dpl=dpl_3Sdq3DEDRjZ8czrKr5KX7Z4eN9kb → 200 (137ms, 2300B)
[2026-05-04T15:19:19.098Z] GET https://docs.openclaw.ai/mintlify-assets/_next/static/chunks/app/%255Fsites/%5Bsubdomain%5D/error-b4aabeed68299375.js?dpl=dpl_3Sdq3DEDRjZ8czrKr5KX7Z4eN9kb → 200 (139ms, 457B)
[2026-05-04T15:19:19.098Z] GET https://docs.openclaw.ai/mintlify-assets/_next/static/chunks/881-be1f5ebf6e52da59.js?dpl=dpl_3Sdq3DEDRjZ8czrKr5KX7Z4eN9kb → 200 (139ms, 104734B)
[2026-05-04T15:19:19.098Z] GET https://docs.openclaw.ai/mintlify-assets/_next/static/chunks/app/%255Fsites/%5Bsubdomain%5D/(multitenant)/%5B%5B...slug%5D%5D/page-aacd5811fc3c90d2.js?dpl=dpl_3Sdq3DEDRjZ8czrKr5KX7Z4eN9kb → 200 (139ms, 1737B)
[2026-05-04T15:19:19.098Z] GET https://docs.openclaw.ai/mintlify-assets/_next/static/chunks/app/%255Fsites/%5Bsubdomain%5D/(multitenant)/not-found-dca22644b5cda74c.js?dpl=dpl_3Sdq3DEDRjZ8czrKr5KX7Z4eN9kb → 200 (137ms, 9192B)
[2026-05-04T15:19:19.098Z] GET https://docs.openclaw.ai/mintlify-assets/_next/static/chunks/8923-bf6bf01a29afab7f.js?dpl=dpl_3Sdq3DEDRjZ8czrKr5KX7Z4eN9kb → 200 (145ms, 43103B)
[2026-05-04T15:19:19.098Z] GET https://docs.openclaw.ai/mintlify-assets/_next/static/chunks/app/%255Fsites/%5Bsubdomain%5D/(multitenant)/%40topbar/%5B%5B...slug%5D%5D/page-6812930c7edb541b.js?dpl=dpl_3Sdq3DEDRjZ8czrKr5KX7Z4eN9kb → 200 (137ms, 1585B)
[2026-05-04T15:19:19.098Z] GET https://d4tuoctqmanu0.cloudfront.net/katex.min.css → 200 (?ms, 23112B)
[2026-05-04T15:19:19.098Z] GET https://fonts.googleapis.com/css2?family=DM+Sans:ital,wght@0,400;0,500;0,600;0,700;0,800;1,400;1,500;1,600;1,700;1,800&display=swap → 200 (?ms, 8735B)
[2026-05-04T15:19:19.098Z] GET https://fonts.googleapis.com/css2?family=Fragment+Mono:ital,wght@0,400;0,500;0,600;0,700;0,800;1,400;1,500;1,600;1,700;1,800&display=swap → 200 (?ms, 2420B)
[2026-05-04T15:19:19.223Z] GET https://d3gk2c5xim1je2.cloudfront.net/v7.1.0/brands/github.svg → 200 (1ms, 1587B)
[2026-05-04T15:19:19.223Z] GET https://d3gk2c5xim1je2.cloudfront.net/lucide/v0.545.0/package.svg → 200 (2ms, 446B)
[2026-05-04T15:19:19.224Z] GET https://d3gk2c5xim1je2.cloudfront.net/v7.1.0/brands/discord.svg → 200 (2ms, 1447B)
[2026-05-04T15:19:19.224Z] GET https://fonts.gstatic.com/s/fragmentmono/v6/4iCr6K5wfMRRjxp0DA6-2CLnB4NHhg.woff2 → 200 (3ms, 25224B)
[2026-05-04T15:19:19.224Z] GET https://fonts.gstatic.com/s/dmsans/v17/rP2Yp2ywxg089UriI5-g4vlH9VoD8Cmcqbu0-K4.woff2 → 200 (3ms, 36932B)
[2026-05-04T15:19:19.224Z] GET https://d3gk2c5xim1je2.cloudfront.net/v7.1.0/solid/caret-right.svg → 200 (4ms, 432B)
[2026-05-04T15:19:19.224Z] GET https://d3gk2c5xim1je2.cloudfront.net/lucide/v0.545.0/door-open.svg → 200 (37ms, 432B)
[2026-05-04T15:19:19.224Z] GET https://d3gk2c5xim1je2.cloudfront.net/lucide/v0.545.0/gears.svg → pending (?ms, ?B)
[2026-05-04T15:19:19.224Z] GET https://d3gk2c5xim1je2.cloudfront.net/lucide/v0.545.0/sliders.svg → pending (?ms, ?B)
[2026-05-04T15:19:19.224Z] GET https://d3gk2c5xim1je2.cloudfront.net/lucide/v0.545.0/vial.svg → pending (?ms, ?B)
[2026-05-04T15:19:19.224Z] GET https://d3gk2c5xim1je2.cloudfront.net/lucide/v0.545.0/arrows-turn-right.svg → pending (?ms, ?B)
[2026-05-04T15:19:19.224Z] GET https://d3gk2c5xim1je2.cloudfront.net/lucide/v0.545.0/diagram-project.svg → pending (?ms, ?B)
[2026-05-04T15:19:19.337Z] GET https://docs.openclaw.ai/mintlify-assets/_next/static/chunks/93940.4ba8dfc310511af1.js?dpl=dpl_3Sdq3DEDRjZ8czrKr5KX7Z4eN9kb → 200 (66ms, ?B)
[2026-05-04T15:19:19.337Z] GET https://docs.openclaw.ai/mintlify-assets/_next/static/chunks/35076.0f387d5da3e2caec.js?dpl=dpl_3Sdq3DEDRjZ8czrKr5KX7Z4eN9kb → 200 (65ms, ?B)
[2026-05-04T15:19:19.338Z] GET https://docs.openclaw.ai/mintlify-assets/_next/static/chunks/b3ef812f.287b5ce983a6f934.js?dpl=dpl_3Sdq3DEDRjZ8czrKr5KX7Z4eN9kb → 200 (66ms, ?B)
[2026-05-04T15:19:19.338Z] GET https://docs.openclaw.ai/mintlify-assets/_next/static/chunks/59a51a4c.a29bd69fdcf3c532.js?dpl=dpl_3Sdq3DEDRjZ8czrKr5KX7Z4eN9kb → 200 (68ms, ?B)
[2026-05-04T15:19:19.338Z] GET https://docs.openclaw.ai/mintlify-assets/_next/static/chunks/52883.941e686112c382dd.js?dpl=dpl_3Sdq3DEDRjZ8czrKr5KX7Z4eN9kb → 200 (71ms, ?B)
[2026-05-04T15:19:19.338Z] GET https://docs.openclaw.ai/mintlify-assets/_next/static/chunks/98270.79c37bfe877beac9.js?dpl=dpl_3Sdq3DEDRjZ8czrKr5KX7Z4eN9kb → 200 (70ms, ?B)
[2026-05-04T15:19:19.338Z] GET https://docs.openclaw.ai/mintlify-assets/_next/static/chunks/5924.af6b06b26a098f2d.js?dpl=dpl_3Sdq3DEDRjZ8czrKr5KX7Z4eN9kb → 200 (67ms, ?B)
[2026-05-04T15:19:19.338Z] GET https://docs.openclaw.ai/mintlify-assets/_next/static/chunks/42261.22a1c076025571a1.js?dpl=dpl_3Sdq3DEDRjZ8czrKr5KX7Z4eN9kb → 200 (72ms, ?B)
[2026-05-04T15:19:19.338Z] GET https://docs.openclaw.ai/mintlify-assets/_next/static/chunks/40439.bc16d6e33e6df950.js?dpl=dpl_3Sdq3DEDRjZ8czrKr5KX7Z4eN9kb → 200 (70ms, ?B)
[2026-05-04T15:19:19.338Z] GET https://docs.openclaw.ai/mintlify-assets/_next/static/chunks/08e9f8d4.8ce89e007e5c174d.js?dpl=dpl_3Sdq3DEDRjZ8czrKr5KX7Z4eN9kb → 200 (71ms, ?B)
[2026-05-04T15:19:19.338Z] GET https://docs.openclaw.ai/mintlify-assets/_next/static/chunks/78513.ed0c286c90d4ea70.js?dpl=dpl_3Sdq3DEDRjZ8czrKr5KX7Z4eN9kb → 200 (70ms, ?B)
[2026-05-04T15:19:19.338Z] GET https://docs.openclaw.ai/mintlify-assets/_next/static/chunks/69848.1b5ee8e8ff184036.js?dpl=dpl_3Sdq3DEDRjZ8czrKr5KX7Z4eN9kb → 200 (65ms, ?B)
[2026-05-04T15:19:19.338Z] GET https://docs.openclaw.ai/mintlify-assets/_next/static/chunks/88844.5187b97ae7bc1b78.js?dpl=dpl_3Sdq3DEDRjZ8czrKr5KX7Z4eN9kb → 200 (67ms, ?B)
[2026-05-04T15:19:19.338Z] GET https://docs.openclaw.ai/mintlify-assets/_next/static/chunks/86654.afde61223263a4f5.js?dpl=dpl_3Sdq3DEDRjZ8czrKr5KX7Z4eN9kb → 200 (66ms, ?B)
[2026-05-04T15:19:19.338Z] GET https://docs.openclaw.ai/mintlify-assets/_next/static/chunks/6234.b57a9f09b64783f7.js?dpl=dpl_3Sdq3DEDRjZ8czrKr5KX7Z4eN9kb → 200 (67ms, ?B)
[2026-05-04T15:19:19.338Z] GET https://docs.openclaw.ai/mintlify-assets/_next/static/chunks/46888.7bf9e9ee1dde9d48.js?dpl=dpl_3Sdq3DEDRjZ8czrKr5KX7Z4eN9kb → 200 (67ms, ?B)
[2026-05-04T15:19:19.338Z] GET https://docs.openclaw.ai/mintlify-assets/_next/static/chunks/2383.ff4e82514a9b28d8.js?dpl=dpl_3Sdq3DEDRjZ8czrKr5KX7Z4eN9kb → 200 (68ms, ?B)
[2026-05-04T15:19:19.338Z] GET https://docs.openclaw.ai/mintlify-assets/_next/static/chunks/90036.2211674646c1fd55.js?dpl=dpl_3Sdq3DEDRjZ8czrKr5KX7Z4eN9kb → 200 (66ms, ?B)
[2026-05-04T15:19:19.339Z] GET https://docs.openclaw.ai/mintlify-assets/_next/static/chunks/28433.6e0f14ae3b092066.js?dpl=dpl_3Sdq3DEDRjZ8czrKr5KX7Z4eN9kb → 200 (69ms, ?B)
[2026-05-04T15:19:19.339Z] GET https://docs.openclaw.ai/mintlify-assets/_next/static/chunks/58f38233.efd41f4fc15e4dbf.js?dpl=dpl_3Sdq3DEDRjZ8czrKr5KX7Z4eN9kb → 200 (69ms, ?B)
[2026-05-04T15:19:19.339Z] GET https://docs.openclaw.ai/mintlify-assets/_next/static/chunks/336436a7.fd164ad9f6edbdcf.js?dpl=dpl_3Sdq3DEDRjZ8czrKr5KX7Z4eN9kb → 200 (69ms, ?B)
[2026-05-04T15:19:19.339Z] GET https://docs.openclaw.ai/mintlify-assets/_next/static/chunks/6907ee1e.a05dea7661b06d5b.js?dpl=dpl_3Sdq3DEDRjZ8czrKr5KX7Z4eN9kb → 200 (70ms, ?B)
[2026-05-04T15:19:19.339Z] GET https://docs.openclaw.ai/mintlify-assets/_next/static/chunks/51972.45006755f1975ddf.js?dpl=dpl_3Sdq3DEDRjZ8czrKr5KX7Z4eN9kb → 200 (70ms, ?B)
[2026-05-04T15:19:19.339Z] GET https://docs.openclaw.ai/mintlify-assets/_next/static/chunks/40748.d6681cfbd0ab0917.js?dpl=dpl_3Sdq3DEDRjZ8czrKr5KX7Z4eN9kb → 200 (70ms, ?B)
[2026-05-04T15:19:19.339Z] GET https://docs.openclaw.ai/mintlify-assets/_next/static/chunks/10661.996ebf90e070ef2a.js?dpl=dpl_3Sdq3DEDRjZ8czrKr5KX7Z4eN9kb → 200 (69ms, ?B)
[2026-05-04T15:19:19.339Z] GET https://docs.openclaw.ai/mintlify-assets/_next/static/chunks/55598.827ba45db3293eac.js?dpl=dpl_3Sdq3DEDRjZ8czrKr5KX7Z4eN9kb → 200 (69ms, ?B)
[2026-05-04T15:19:19.339Z] GET https://docs.openclaw.ai/mintlify-assets/_next/static/chunks/17638.5a976eb14ecb333a.js?dpl=dpl_3Sdq3DEDRjZ8czrKr5KX7Z4eN9kb → 200 (67ms, ?B)
[2026-05-04T15:19:19.339Z] GET https://docs.openclaw.ai/mintlify-assets/_next/static/chunks/47178.2648299d4d4f9d0d.js?dpl=dpl_3Sdq3DEDRjZ8czrKr5KX7Z4eN9kb → 200 (70ms, ?B)
[2026-05-04T15:19:19.991Z] GET https://static.cloudflareinsights.com/beacon.min.js/v8c78df7c7c0f484497ecbca7046644da1771523124516 → 200 (142ms, 31169B)
[2026-05-04T15:19:20.134Z] GET https://docs.openclaw.ai/mintlify-assets/_next/static/chunks/33821.de8a86831845e791.js?dpl=dpl_3Sdq3DEDRjZ8czrKr5KX7Z4eN9kb → 200 (32ms, 6395B)
[2026-05-04T15:19:20.134Z] GET https://docs.openclaw.ai/mintlify-assets/_next/static/chunks/18157.d0cc6b43417a32b3.js?dpl=dpl_3Sdq3DEDRjZ8czrKr5KX7Z4eN9kb → 200 (32ms, 7073B)
[2026-05-04T15:19:20.304Z] POST https://docs.openclaw.ai/cdn-cgi/rum? → 204 (10ms, ?B)
[2026-05-04T15:19:20.459Z] GET https://docs.openclaw.ai/mintlify-assets/_next/static/chunks/88206.1dde85d08c3df7ae.js?dpl=dpl_3Sdq3DEDRjZ8czrKr5KX7Z4eN9kb → 200 (4ms, 3767B)
[2026-05-04T15:19:20.459Z] GET https://docs.openclaw.ai/plugins/building-plugins?_rsc=h8o4x → 200 (5ms, ?B)
[2026-05-04T15:19:20.460Z] GET https://docs.openclaw.ai/plugins/hooks?_rsc=h8o4x → 200 (4ms, ?B)
[2026-05-04T15:19:20.460Z] GET https://docs.openclaw.ai/plugins/sdk-channel-plugins?_rsc=h8o4x → 200 (4ms, ?B)
[2026-05-04T15:19:20.460Z] GET https://docs.openclaw.ai/plugins/sdk-subpaths?_rsc=h8o4x → 200 (4ms, ?B)
[2026-05-04T15:19:20.460Z] GET https://docs.openclaw.ai/plugins/sdk-entrypoints?_rsc=h8o4x → 200 (4ms, ?B)
[2026-05-04T15:19:20.460Z] GET https://d3gk2c5xim1je2.cloudfront.net/lucide/v0.545.0/gears.svg → pending (?ms, ?B)
[2026-05-04T15:19:20.460Z] GET https://d3gk2c5xim1je2.cloudfront.net/lucide/v0.545.0/sliders.svg → pending (?ms, ?B)
[2026-05-04T15:19:20.460Z] GET https://d3gk2c5xim1je2.cloudfront.net/lucide/v0.545.0/vial.svg → pending (?ms, ?B)
[2026-05-04T15:19:20.460Z] GET https://d3gk2c5xim1je2.cloudfront.net/lucide/v0.545.0/arrows-turn-right.svg → pending (?ms, ?B)
[2026-05-04T15:19:20.460Z] GET https://d3gk2c5xim1je2.cloudfront.net/lucide/v0.545.0/diagram-project.svg → pending (?ms, ?B)
[2026-05-04T15:19:20.487Z] GET https://docs.openclaw.ai/tools/browser?_rsc=h8o4x → 200 (41ms, ?B)
[2026-05-04T15:19:20.489Z] GET https://docs.openclaw.ai/tools/browser-control?_rsc=h8o4x → pending (?ms, ?B)
[2026-05-04T15:19:20.492Z] GET https://docs.openclaw.ai/tools/browser-login?_rsc=h8o4x → pending (?ms, ?B)
[2026-05-04T15:19:20.495Z] GET https://docs.openclaw.ai/tools/web-fetch?_rsc=h8o4x → pending (?ms, ?B)
[2026-05-04T15:19:20.498Z] GET https://docs.openclaw.ai/tools/web?_rsc=h8o4x → pending (?ms, ?B)
[2026-05-04T15:19:20.559Z] GET https://docs.openclaw.ai/tools/brave-search?_rsc=h8o4x → 200 (65ms, 6190140B)
[2026-05-04T15:19:20.571Z] GET https://docs.openclaw.ai/plugins/manage-plugins?_rsc=h8o4x → 200 (53ms, ?B)
[2026-05-04T15:19:20.574Z] GET https://docs.openclaw.ai/plugins/plugin-inventory?_rsc=h8o4x → 200 (51ms, ?B)
[2026-05-04T15:19:20.577Z] GET https://docs.openclaw.ai/?_rsc=h8o4x → 200 (48ms, ?B)
[2026-05-04T15:19:20.582Z] GET https://docs.openclaw.ai/install?_rsc=11ime → 200 (43ms, ?B)
[2026-05-04T15:19:20.639Z] GET https://docs.openclaw.ai/channels?_rsc=11ime → 200 (172ms, ?B)
[2026-05-04T15:19:20.640Z] GET https://docs.openclaw.ai/concepts/architecture?_rsc=11ime → 200 (171ms, ?B)
[2026-05-04T15:19:20.811Z] GET https://docs.openclaw.ai/tools?_rsc=11ime → 200 (216ms, ?B)
[2026-05-04T15:19:20.811Z] GET https://docs.openclaw.ai/providers?_rsc=11ime → 200 (18ms, ?B)
[2026-05-04T15:19:20.811Z] GET https://docs.openclaw.ai/platforms?_rsc=11ime → 200 (43ms, ?B)
[2026-05-04T15:19:20.819Z] GET https://docs.openclaw.ai/gateway?_rsc=11ime → 200 (339ms, ?B)
[2026-05-04T15:19:20.827Z] GET https://docs.openclaw.ai/cli?_rsc=11ime → 200 (331ms, ?B)
[2026-05-04T15:19:21.027Z] GET https://docs.openclaw.ai/help?_rsc=11ime → 200 (131ms, ?B)
[2026-05-04T15:19:21.158Z] GET https://docs.openclaw.ai/concepts/openclaw-sdk?_rsc=11ime → 200 (49ms, ?B)
[2026-05-04T15:19:21.158Z] GET https://docs.openclaw.ai/plugins/sdk-provider-plugins?_rsc=11ime → 200 (9ms, 7109893B)
[2026-05-04T15:19:21.158Z] GET https://docs.openclaw.ai/plugins/codex-computer-use?_rsc=h8o4x → 200 (65ms, ?B)
[2026-05-04T15:19:21.158Z] GET https://docs.openclaw.ai/plugins/dependency-resolution?_rsc=h8o4x → 200 (49ms, ?B)
[2026-05-04T15:19:21.166Z] GET https://docs.openclaw.ai/tools/plugin?_rsc=h8o4x → 200 (57ms, ?B)
[2026-05-04T15:19:21.190Z] GET https://docs.openclaw.ai/plugins/bundles?_rsc=h8o4x → 200 (39ms, ?B)
[2026-05-04T15:19:21.226Z] GET https://docs.openclaw.ai/plugins/community?_rsc=h8o4x → 200 (52ms, ?B)
[2026-05-04T15:19:21.228Z] GET https://docs.openclaw.ai/plugins/webhooks?_rsc=h8o4x → 200 (50ms, ?B)
[2026-05-04T15:19:21.238Z] GET https://docs.openclaw.ai/plugins/reference?_rsc=h8o4x → 200 (222ms, ?B)
[2026-05-04T15:19:21.241Z] GET https://docs.openclaw.ai/plugins/voice-call?_rsc=h8o4x → 200 (219ms, ?B)
[2026-05-04T15:19:21.248Z] GET https://docs.openclaw.ai/plugins/codex-harness?_rsc=h8o4x → 200 (212ms, ?B)
[2026-05-04T15:19:21.460Z] GET https://docs.openclaw.ai/plugins/google-meet?_rsc=h8o4x → pending (?ms, ?B)
[2026-05-04T15:19:21.460Z] GET https://docs.openclaw.ai/plugins/sdk-agent-harness?_rsc=h8o4x → pending (?ms, ?B)
[2026-05-04T15:19:21.472Z] GET https://docs.openclaw.ai/plugins/message-presentation?_rsc=h8o4x → pending (?ms, ?B)
[2026-05-04T15:19:21.475Z] GET https://docs.openclaw.ai/plugins/manifest?_rsc=h8o4x → pending (?ms, ?B)
[2026-05-04T15:19:21.479Z] GET https://docs.openclaw.ai/plugins/zalouser?_rsc=h8o4x → pending (?ms, ?B)
[2026-05-04T15:19:21.895Z] GET https://docs.openclaw.ai/plugins/memory-wiki?_rsc=h8o4x → 200 (231ms, ?B)
[2026-05-04T15:19:21.923Z] GET https://docs.openclaw.ai/plugins/sdk-channel-turn?_rsc=h8o4x → 200 (203ms, ?B)
[2026-05-04T15:19:21.925Z] GET https://docs.openclaw.ai/plugins/sdk-testing?_rsc=h8o4x → 200 (201ms, ?B)
[2026-05-04T15:19:21.928Z] GET https://docs.openclaw.ai/plugins/sdk-runtime?_rsc=h8o4x → 200 (198ms, ?B)
[2026-05-04T15:19:21.930Z] GET https://docs.openclaw.ai/plugins/memory-lancedb?_rsc=h8o4x → 200 (196ms, ?B)
[2026-05-04T15:19:22.126Z] GET https://docs.openclaw.ai/plugins/skill-workshop?_rsc=h8o4x → 200 (37ms, ?B)
[2026-05-04T15:19:22.148Z] GET https://docs.openclaw.ai/plugins/sdk-setup?_rsc=h8o4x → 200 (56ms, ?B)
[2026-05-04T15:19:25.352Z] GET https://docs.openclaw.ai/tools/clawhub → 200 (160ms, ?B)
[2026-05-04T15:19:25.353Z] POST https://docs.openclaw.ai/_mintlify/api/v1/e → pending (?ms, ?B)
[2026-05-04T15:19:25.516Z] POST https://docs.openclaw.ai/cdn-cgi/rum? → pending (?ms, ?B)
[2026-05-04T15:19:25.526Z] GET https://docs.openclaw.ai/mintlify-assets/_next/static/media/bb3ef058b751a6ad-s.p.woff2 → 200 (23ms, 40480B)
[2026-05-04T15:19:25.526Z] GET https://docs.openclaw.ai/mintlify-assets/_next/static/media/c4b700dcb2187787-s.p.woff2 → 200 (31ms, ?B)
[2026-05-04T15:19:25.527Z] GET https://docs.openclaw.ai/mintlify-assets/_next/static/media/e4af272ccee01ff0-s.p.woff2 → 200 (29ms, ?B)
[2026-05-04T15:19:25.527Z] GET https://mintcdn.com/clawdhub/dpADRo8IUoiDztzJ/assets/pixel-lobster.svg?fit=max&auto=format&n=dpADRo8IUoiDztzJ&q=85&s=8fdf719fb6d3eaad7c65231385bf28e5 → 304 (13ms, ?B)
[2026-05-04T15:19:25.527Z] GET https://d3gk2c5xim1je2.cloudfront.net/flags/US.svg → 200 (1ms, 1356B)
[2026-05-04T15:19:25.528Z] GET https://docs.openclaw.ai/mintlify-assets/_next/static/css/2b0e6d1f6a2b7a1a.css?dpl=dpl_3Sdq3DEDRjZ8czrKr5KX7Z4eN9kb → 200 (18ms, 238032B)
[2026-05-04T15:19:25.528Z] GET https://docs.openclaw.ai/mintlify-assets/_next/static/css/6f9b80d484ead711.css?dpl=dpl_3Sdq3DEDRjZ8czrKr5KX7Z4eN9kb → 200 (18ms, 23777B)
[2026-05-04T15:19:25.528Z] GET https://docs.openclaw.ai/mintlify-assets/_next/static/css/05d6d8fcb903870d.css?dpl=dpl_3Sdq3DEDRjZ8czrKr5KX7Z4eN9kb → 200 (29ms, ?B)
[2026-05-04T15:19:25.528Z] GET https://docs.openclaw.ai/mintlify-assets/_next/static/chunks/webpack-0dda57514400ea23.js?dpl=dpl_3Sdq3DEDRjZ8czrKr5KX7Z4eN9kb → pending (?ms, ?B)
[2026-05-04T15:19:25.528Z] GET https://docs.openclaw.ai/mintlify-assets/_next/static/chunks/87c73c54-09e1ba5c70e60a51.js?dpl=dpl_3Sdq3DEDRjZ8czrKr5KX7Z4eN9kb → pending (?ms, ?B)
[2026-05-04T15:19:25.528Z] GET https://docs.openclaw.ai/mintlify-assets/_next/static/chunks/90018-eb5250b945bdda19.js?dpl=dpl_3Sdq3DEDRjZ8czrKr5KX7Z4eN9kb → pending (?ms, ?B)
[2026-05-04T15:19:25.528Z] GET https://docs.openclaw.ai/mintlify-assets/_next/static/chunks/main-app-76ddd9525ef90e67.js?dpl=dpl_3Sdq3DEDRjZ8czrKr5KX7Z4eN9kb → pending (?ms, ?B)
[2026-05-04T15:19:25.528Z] GET https://docs.openclaw.ai/mintlify-assets/_next/static/chunks/891cff7f-38ce37d594f7da31.js?dpl=dpl_3Sdq3DEDRjZ8czrKr5KX7Z4eN9kb → pending (?ms, ?B)
[2026-05-04T15:19:25.528Z] GET https://docs.openclaw.ai/mintlify-assets/_next/static/chunks/51288-0fb44d6be82e9af5.js?dpl=dpl_3Sdq3DEDRjZ8czrKr5KX7Z4eN9kb → pending (?ms, ?B)
[2026-05-04T15:19:25.528Z] GET https://docs.openclaw.ai/mintlify-assets/_next/static/chunks/14079-4865f1ab1b5bbf4b.js?dpl=dpl_3Sdq3DEDRjZ8czrKr5KX7Z4eN9kb → pending (?ms, ?B)
[2026-05-04T15:19:25.528Z] GET https://docs.openclaw.ai/mintlify-assets/_next/static/chunks/78238-22782f5aac7a6ef4.js?dpl=dpl_3Sdq3DEDRjZ8czrKr5KX7Z4eN9kb → pending (?ms, ?B)
[2026-05-04T15:19:25.531Z] GET https://docs.openclaw.ai/mintlify-assets/_next/static/chunks/95115-7f3830b22524c9f1.js?dpl=dpl_3Sdq3DEDRjZ8czrKr5KX7Z4eN9kb → pending (?ms, ?B)
[2026-05-04T15:19:25.531Z] GET https://docs.openclaw.ai/mintlify-assets/_next/static/chunks/93247-b07c7244bb0ac0f8.js?dpl=dpl_3Sdq3DEDRjZ8czrKr5KX7Z4eN9kb → pending (?ms, ?B)
[2026-05-04T15:19:25.531Z] GET https://docs.openclaw.ai/mintlify-assets/_next/static/chunks/98816-4875194b6205382d.js?dpl=dpl_3Sdq3DEDRjZ8czrKr5KX7Z4eN9kb → pending (?ms, ?B)
[2026-05-04T15:19:25.531Z] GET https://docs.openclaw.ai/mintlify-assets/_next/static/chunks/80239-ce217fc534a5bb94.js?dpl=dpl_3Sdq3DEDRjZ8czrKr5KX7Z4eN9kb → pending (?ms, ?B)
[2026-05-04T15:19:25.531Z] GET https://docs.openclaw.ai/mintlify-assets/_next/static/chunks/19664-8ce43df6b74bea12.js?dpl=dpl_3Sdq3DEDRjZ8czrKr5KX7Z4eN9kb → pending (?ms, ?B)
[2026-05-04T15:19:25.531Z] GET https://docs.openclaw.ai/mintlify-assets/_next/static/chunks/8685-3edaeb533c1369b7.js?dpl=dpl_3Sdq3DEDRjZ8czrKr5KX7Z4eN9kb → pending (?ms, ?B)
[2026-05-04T15:19:25.531Z] GET https://docs.openclaw.ai/mintlify-assets/_next/static/chunks/55016-5137c69187630db9.js?dpl=dpl_3Sdq3DEDRjZ8czrKr5KX7Z4eN9kb → pending (?ms, ?B)
[2026-05-04T15:19:25.532Z] GET https://docs.openclaw.ai/mintlify-assets/_next/static/chunks/75862-0e7c90644ebfd048.js?dpl=dpl_3Sdq3DEDRjZ8czrKr5KX7Z4eN9kb → pending (?ms, ?B)
[2026-05-04T15:19:25.532Z] GET https://docs.openclaw.ai/mintlify-assets/_next/static/chunks/71251-28f76702905f8b9a.js?dpl=dpl_3Sdq3DEDRjZ8czrKr5KX7Z4eN9kb → pending (?ms, ?B)
[2026-05-04T15:19:25.532Z] GET https://docs.openclaw.ai/mintlify-assets/_next/static/chunks/app/error-904203083e579f01.js?dpl=dpl_3Sdq3DEDRjZ8czrKr5KX7Z4eN9kb → pending (?ms, ?B)
[2026-05-04T15:19:25.532Z] GET https://docs.openclaw.ai/mintlify-assets/_next/static/chunks/db261188-d8199d2c7818f473.js?dpl=dpl_3Sdq3DEDRjZ8czrKr5KX7Z4eN9kb → pending (?ms, ?B)
[2026-05-04T15:19:25.532Z] GET https://docs.openclaw.ai/mintlify-assets/_next/static/chunks/d30757c7-4504080d72b51329.js?dpl=dpl_3Sdq3DEDRjZ8czrKr5KX7Z4eN9kb → pending (?ms, ?B)
[2026-05-04T15:19:25.532Z] GET https://docs.openclaw.ai/mintlify-assets/_next/static/chunks/50867-b9f0047192ea1561.js?dpl=dpl_3Sdq3DEDRjZ8czrKr5KX7Z4eN9kb → pending (?ms, ?B)
[2026-05-04T15:19:25.532Z] GET https://docs.openclaw.ai/mintlify-assets/_next/static/chunks/37154-f1541a8c0dc3fc4f.js?dpl=dpl_3Sdq3DEDRjZ8czrKr5KX7Z4eN9kb → pending (?ms, ?B)
[2026-05-04T15:19:25.532Z] GET https://docs.openclaw.ai/mintlify-assets/_next/static/chunks/96613-d9098930227907bd.js?dpl=dpl_3Sdq3DEDRjZ8czrKr5KX7Z4eN9kb → pending (?ms, ?B)
[2026-05-04T15:19:25.532Z] GET https://docs.openclaw.ai/mintlify-assets/_next/static/chunks/66220-dc719718f3803595.js?dpl=dpl_3Sdq3DEDRjZ8czrKr5KX7Z4eN9kb → pending (?ms, ?B)
[2026-05-04T15:19:25.532Z] GET https://docs.openclaw.ai/mintlify-assets/_next/static/chunks/74902-aede07e132d9c71f.js?dpl=dpl_3Sdq3DEDRjZ8czrKr5KX7Z4eN9kb → pending (?ms, ?B)
[2026-05-04T15:19:25.532Z] GET https://docs.openclaw.ai/mintlify-assets/_next/static/chunks/68789-aa7dbc2fe57d93b1.js?dpl=dpl_3Sdq3DEDRjZ8czrKr5KX7Z4eN9kb → pending (?ms, ?B)
[2026-05-04T15:19:25.532Z] GET https://docs.openclaw.ai/mintlify-assets/_next/static/chunks/24253-97a943a955ad7b14.js?dpl=dpl_3Sdq3DEDRjZ8czrKr5KX7Z4eN9kb → pending (?ms, ?B)
[2026-05-04T15:19:25.532Z] GET https://docs.openclaw.ai/mintlify-assets/_next/static/chunks/67313-113d94c737a76db1.js?dpl=dpl_3Sdq3DEDRjZ8czrKr5KX7Z4eN9kb → pending (?ms, ?B)
[2026-05-04T15:19:25.532Z] GET https://docs.openclaw.ai/mintlify-assets/_next/static/chunks/73205-1667aa76af26a306.js?dpl=dpl_3Sdq3DEDRjZ8czrKr5KX7Z4eN9kb → pending (?ms, ?B)
[2026-05-04T15:19:25.532Z] GET https://docs.openclaw.ai/mintlify-assets/_next/static/chunks/20660-8c2743f8a47ba084.js?dpl=dpl_3Sdq3DEDRjZ8czrKr5KX7Z4eN9kb → pending (?ms, ?B)
[2026-05-04T15:19:25.532Z] GET https://docs.openclaw.ai/mintlify-assets/_next/static/chunks/21749-3ca479933d49c653.js?dpl=dpl_3Sdq3DEDRjZ8czrKr5KX7Z4eN9kb → pending (?ms, ?B)
[2026-05-04T15:19:25.532Z] GET https://docs.openclaw.ai/mintlify-assets/_next/static/chunks/3433-882017849d90a548.js?dpl=dpl_3Sdq3DEDRjZ8czrKr5KX7Z4eN9kb → pending (?ms, ?B)
[2026-05-04T15:19:25.532Z] GET https://docs.openclaw.ai/mintlify-assets/_next/static/chunks/app/%255Fsites/%5Bsubdomain%5D/(multitenant)/layout-4c0943b42989c54c.js?dpl=dpl_3Sdq3DEDRjZ8czrKr5KX7Z4eN9kb → pending (?ms, ?B)
[2026-05-04T15:19:25.532Z] GET https://docs.openclaw.ai/mintlify-assets/_next/static/chunks/3351-f655818da0318398.js?dpl=dpl_3Sdq3DEDRjZ8czrKr5KX7Z4eN9kb → pending (?ms, ?B)
[2026-05-04T15:19:25.532Z] GET https://docs.openclaw.ai/mintlify-assets/_next/static/chunks/app/%255Fsites/%5Bsubdomain%5D/not-found-1c8d41b8e0250ec9.js?dpl=dpl_3Sdq3DEDRjZ8czrKr5KX7Z4eN9kb → pending (?ms, ?B)
[2026-05-04T15:19:25.532Z] GET https://docs.openclaw.ai/mintlify-assets/_next/static/chunks/60002-95c0c40f9f9c8646.js?dpl=dpl_3Sdq3DEDRjZ8czrKr5KX7Z4eN9kb → pending (?ms, ?B)
[2026-05-04T15:19:25.532Z] GET https://docs.openclaw.ai/mintlify-assets/_next/static/chunks/app/layout-68c7869c00b4865b.js?dpl=dpl_3Sdq3DEDRjZ8czrKr5KX7Z4eN9kb → pending (?ms, ?B)
[2026-05-04T15:19:25.532Z] GET https://docs.openclaw.ai/mintlify-assets/_next/static/chunks/app/%255Fsites/%5Bsubdomain%5D/error-b4aabeed68299375.js?dpl=dpl_3Sdq3DEDRjZ8czrKr5KX7Z4eN9kb → pending (?ms, ?B)
[2026-05-04T15:19:25.532Z] GET https://docs.openclaw.ai/mintlify-assets/_next/static/chunks/8923-bf6bf01a29afab7f.js?dpl=dpl_3Sdq3DEDRjZ8czrKr5KX7Z4eN9kb → pending (?ms, ?B)
[2026-05-04T15:19:25.532Z] GET https://docs.openclaw.ai/mintlify-assets/_next/static/chunks/app/%255Fsites/%5Bsubdomain%5D/(multitenant)/%40topbar/%5B%5B...slug%5D%5D/page-6812930c7edb541b.js?dpl=dpl_3Sdq3DEDRjZ8czrKr5KX7Z4eN9kb → pending (?ms, ?B)
[2026-05-04T15:19:25.532Z] GET https://docs.openclaw.ai/mintlify-assets/_next/static/chunks/881-be1f5ebf6e52da59.js?dpl=dpl_3Sdq3DEDRjZ8czrKr5KX7Z4eN9kb → pending (?ms, ?B)
[2026-05-04T15:19:25.532Z] GET https://docs.openclaw.ai/mintlify-assets/_next/static/chunks/app/%255Fsites/%5Bsubdomain%5D/(multitenant)/%5B%5B...slug%5D%5D/page-aacd5811fc3c90d2.js?dpl=dpl_3Sdq3DEDRjZ8czrKr5KX7Z4eN9kb → pending (?ms, ?B)
[2026-05-04T15:19:25.532Z] GET https://docs.openclaw.ai/mintlify-assets/_next/static/chunks/app/%255Fsites/%5Bsubdomain%5D/(multitenant)/not-found-dca22644b5cda74c.js?dpl=dpl_3Sdq3DEDRjZ8czrKr5KX7Z4eN9kb → pending (?ms, ?B)
[2026-05-04T15:19:25.532Z] GET https://d4tuoctqmanu0.cloudfront.net/katex.min.css → 200 (?ms, 23112B)
[2026-05-04T15:19:25.533Z] GET https://fonts.googleapis.com/css2?family=DM+Sans:ital,wght@0,400;0,500;0,600;0,700;0,800;1,400;1,500;1,600;1,700;1,800&display=swap → 200 (?ms, 8735B)
[2026-05-04T15:19:25.533Z] GET https://fonts.googleapis.com/css2?family=Fragment+Mono:ital,wght@0,400;0,500;0,600;0,700;0,800;1,400;1,500;1,600;1,700;1,800&display=swap → 200 (?ms, 2420B)
[2026-05-04T15:19:25.606Z] GET https://fonts.gstatic.com/s/dmsans/v17/rP2Yp2ywxg089UriI5-g4vlH9VoD8Cmcqbu0-K4.woff2 → 200 (2ms, ?B)
[2026-05-04T15:19:25.608Z] GET https://fonts.gstatic.com/s/fragmentmono/v6/4iCr6K5wfMRRjxp0DA6-2CLnB4NHhg.woff2 → 200 (1ms, ?B)
[2026-05-04T15:19:25.609Z] GET https://d3gk2c5xim1je2.cloudfront.net/v7.1.0/brands/github.svg → 200 (?ms, 1587B)
[2026-05-04T15:19:25.609Z] GET https://d3gk2c5xim1je2.cloudfront.net/lucide/v0.545.0/package.svg → 200 (?ms, 446B)
[2026-05-04T15:19:25.610Z] GET https://d3gk2c5xim1je2.cloudfront.net/v7.1.0/brands/discord.svg → 200 (?ms, 1447B)
[2026-05-04T15:19:25.610Z] GET https://d3gk2c5xim1je2.cloudfront.net/v7.1.0/solid/caret-right.svg → 200 (?ms, 432B)
[2026-05-04T15:19:25.749Z] GET https://docs.openclaw.ai/mintlify-assets/_next/static/chunks/93940.4ba8dfc310511af1.js?dpl=dpl_3Sdq3DEDRjZ8czrKr5KX7Z4eN9kb → 200 (42ms, 41580B)
[2026-05-04T15:19:25.750Z] GET https://docs.openclaw.ai/mintlify-assets/_next/static/chunks/35076.0f387d5da3e2caec.js?dpl=dpl_3Sdq3DEDRjZ8czrKr5KX7Z4eN9kb → 200 (34ms, 72253B)
[2026-05-04T15:19:25.750Z] GET https://docs.openclaw.ai/mintlify-assets/_next/static/chunks/b3ef812f.287b5ce983a6f934.js?dpl=dpl_3Sdq3DEDRjZ8czrKr5KX7Z4eN9kb → 200 (40ms, 402448B)
[2026-05-04T15:19:25.750Z] GET https://docs.openclaw.ai/mintlify-assets/_next/static/chunks/59a51a4c.a29bd69fdcf3c532.js?dpl=dpl_3Sdq3DEDRjZ8czrKr5KX7Z4eN9kb → 200 (47ms, 224427B)
[2026-05-04T15:19:25.750Z] GET https://docs.openclaw.ai/mintlify-assets/_next/static/chunks/52883.941e686112c382dd.js?dpl=dpl_3Sdq3DEDRjZ8czrKr5KX7Z4eN9kb → 200 (39ms, 23507B)
[2026-05-04T15:19:25.750Z] GET https://docs.openclaw.ai/mintlify-assets/_next/static/chunks/98270.79c37bfe877beac9.js?dpl=dpl_3Sdq3DEDRjZ8czrKr5KX7Z4eN9kb → 200 (35ms, 11747B)
[2026-05-04T15:19:25.750Z] GET https://docs.openclaw.ai/mintlify-assets/_next/static/chunks/5924.af6b06b26a098f2d.js?dpl=dpl_3Sdq3DEDRjZ8czrKr5KX7Z4eN9kb → 200 (39ms, 7910B)
[2026-05-04T15:19:25.750Z] GET https://docs.openclaw.ai/mintlify-assets/_next/static/chunks/42261.22a1c076025571a1.js?dpl=dpl_3Sdq3DEDRjZ8czrKr5KX7Z4eN9kb → 200 (36ms, 46878B)
[2026-05-04T15:19:25.750Z] GET https://docs.openclaw.ai/mintlify-assets/_next/static/chunks/40439.bc16d6e33e6df950.js?dpl=dpl_3Sdq3DEDRjZ8czrKr5KX7Z4eN9kb → 200 (36ms, 27321B)
[2026-05-04T15:19:25.750Z] GET https://docs.openclaw.ai/mintlify-assets/_next/static/chunks/08e9f8d4.8ce89e007e5c174d.js?dpl=dpl_3Sdq3DEDRjZ8czrKr5KX7Z4eN9kb → 200 (36ms, 174928B)
[2026-05-04T15:19:25.750Z] GET https://docs.openclaw.ai/mintlify-assets/_next/static/chunks/78513.ed0c286c90d4ea70.js?dpl=dpl_3Sdq3DEDRjZ8czrKr5KX7Z4eN9kb → 200 (41ms, 2924B)
[2026-05-04T15:19:25.750Z] GET https://docs.openclaw.ai/mintlify-assets/_next/static/chunks/69848.1b5ee8e8ff184036.js?dpl=dpl_3Sdq3DEDRjZ8czrKr5KX7Z4eN9kb → 200 (40ms, 8885B)
[2026-05-04T15:19:25.750Z] GET https://docs.openclaw.ai/mintlify-assets/_next/static/chunks/88844.5187b97ae7bc1b78.js?dpl=dpl_3Sdq3DEDRjZ8czrKr5KX7Z4eN9kb → 200 (42ms, 59441B)
[2026-05-04T15:19:25.750Z] GET https://docs.openclaw.ai/mintlify-assets/_next/static/chunks/86654.afde61223263a4f5.js?dpl=dpl_3Sdq3DEDRjZ8czrKr5KX7Z4eN9kb → 200 (40ms, 136214B)
[2026-05-04T15:19:25.750Z] GET https://docs.openclaw.ai/mintlify-assets/_next/static/chunks/6234.b57a9f09b64783f7.js?dpl=dpl_3Sdq3DEDRjZ8czrKr5KX7Z4eN9kb → 200 (40ms, 49138B)
[2026-05-04T15:19:25.751Z] GET https://docs.openclaw.ai/mintlify-assets/_next/static/chunks/46888.7bf9e9ee1dde9d48.js?dpl=dpl_3Sdq3DEDRjZ8czrKr5KX7Z4eN9kb → 200 (40ms, 57654B)
[2026-05-04T15:19:25.751Z] GET https://docs.openclaw.ai/mintlify-assets/_next/static/chunks/2383.ff4e82514a9b28d8.js?dpl=dpl_3Sdq3DEDRjZ8czrKr5KX7Z4eN9kb → 200 (44ms, 113869B)
[2026-05-04T15:19:25.751Z] GET https://docs.openclaw.ai/mintlify-assets/_next/static/chunks/90036.2211674646c1fd55.js?dpl=dpl_3Sdq3DEDRjZ8czrKr5KX7Z4eN9kb → 200 (40ms, 5491B)
[2026-05-04T15:19:25.751Z] GET https://docs.openclaw.ai/mintlify-assets/_next/static/chunks/28433.6e0f14ae3b092066.js?dpl=dpl_3Sdq3DEDRjZ8czrKr5KX7Z4eN9kb → 200 (47ms, 70206B)
[2026-05-04T15:19:25.751Z] GET https://docs.openclaw.ai/mintlify-assets/_next/static/chunks/58f38233.efd41f4fc15e4dbf.js?dpl=dpl_3Sdq3DEDRjZ8czrKr5KX7Z4eN9kb → 200 (46ms, 181180B)
[2026-05-04T15:19:25.751Z] GET https://docs.openclaw.ai/mintlify-assets/_next/static/chunks/336436a7.fd164ad9f6edbdcf.js?dpl=dpl_3Sdq3DEDRjZ8czrKr5KX7Z4eN9kb → 200 (46ms, 175637B)
[2026-05-04T15:19:25.751Z] GET https://docs.openclaw.ai/mintlify-assets/_next/static/chunks/6907ee1e.a05dea7661b06d5b.js?dpl=dpl_3Sdq3DEDRjZ8czrKr5KX7Z4eN9kb → 200 (47ms, 177892B)
[2026-05-04T15:19:25.751Z] GET https://docs.openclaw.ai/mintlify-assets/_next/static/chunks/51972.45006755f1975ddf.js?dpl=dpl_3Sdq3DEDRjZ8czrKr5KX7Z4eN9kb → 200 (45ms, 18040B)
[2026-05-04T15:19:25.751Z] GET https://docs.openclaw.ai/mintlify-assets/_next/static/chunks/40748.d6681cfbd0ab0917.js?dpl=dpl_3Sdq3DEDRjZ8czrKr5KX7Z4eN9kb → 200 (44ms, 96780B)
[2026-05-04T15:19:25.751Z] GET https://docs.openclaw.ai/mintlify-assets/_next/static/chunks/10661.996ebf90e070ef2a.js?dpl=dpl_3Sdq3DEDRjZ8czrKr5KX7Z4eN9kb → 200 (41ms, 15175B)
[2026-05-04T15:19:25.751Z] GET https://docs.openclaw.ai/mintlify-assets/_next/static/chunks/55598.827ba45db3293eac.js?dpl=dpl_3Sdq3DEDRjZ8czrKr5KX7Z4eN9kb → 200 (46ms, 86993B)
[2026-05-04T15:19:25.751Z] GET https://docs.openclaw.ai/mintlify-assets/_next/static/chunks/17638.5a976eb14ecb333a.js?dpl=dpl_3Sdq3DEDRjZ8czrKr5KX7Z4eN9kb → 200 (45ms, 87831B)
[2026-05-04T15:19:25.752Z] GET https://docs.openclaw.ai/mintlify-assets/_next/static/chunks/47178.2648299d4d4f9d0d.js?dpl=dpl_3Sdq3DEDRjZ8czrKr5KX7Z4eN9kb → 200 (44ms, 10611B)
[2026-05-04T15:19:26.543Z] GET https://docs.openclaw.ai/mintlify-assets/_next/static/chunks/33821.de8a86831845e791.js?dpl=dpl_3Sdq3DEDRjZ8czrKr5KX7Z4eN9kb → pending (?ms, ?B)
[2026-05-04T15:19:26.543Z] GET https://docs.openclaw.ai/mintlify-assets/_next/static/chunks/18157.d0cc6b43417a32b3.js?dpl=dpl_3Sdq3DEDRjZ8czrKr5KX7Z4eN9kb → pending (?ms, ?B)
[2026-05-04T15:19:26.706Z] GET https://static.cloudflareinsights.com/beacon.min.js/v8c78df7c7c0f484497ecbca7046644da1771523124516 → 200 (?ms, 31169B)
[2026-05-04T15:19:26.871Z] POST https://docs.openclaw.ai/cdn-cgi/rum? → 204 (11ms, ?B)
[2026-05-04T15:19:27.026Z] GET https://docs.openclaw.ai/mintlify-assets/_next/static/chunks/88206.1dde85d08c3df7ae.js?dpl=dpl_3Sdq3DEDRjZ8czrKr5KX7Z4eN9kb → 200 (4ms, 3767B)
[2026-05-04T15:19:27.027Z] GET https://docs.openclaw.ai/plugins/building-plugins?_rsc=1wi3a → 200 (3ms, 6389959B)
[2026-05-04T15:19:27.027Z] GET https://docs.openclaw.ai/plugins/hooks?_rsc=1wi3a → 200 (4ms, ?B)
[2026-05-04T15:19:27.027Z] GET https://docs.openclaw.ai/plugins/sdk-channel-plugins?_rsc=1wi3a → 200 (4ms, ?B)
[2026-05-04T15:19:27.027Z] GET https://docs.openclaw.ai/plugins/sdk-overview?_rsc=1wi3a → 200 (4ms, 6271217B)
[2026-05-04T15:19:27.027Z] GET https://docs.openclaw.ai/plugins/sdk-subpaths?_rsc=1wi3a → 200 (4ms, ?B)
[2026-05-04T15:19:27.057Z] GET https://docs.openclaw.ai/plugins/sdk-entrypoints?_rsc=1wi3a → 200 (61ms, ?B)
[2026-05-04T15:19:27.060Z] GET https://docs.openclaw.ai/tools/browser?_rsc=1wi3a → 200 (57ms, ?B)
[2026-05-04T15:19:27.063Z] GET https://docs.openclaw.ai/tools/browser-control?_rsc=1wi3a → 200 (55ms, ?B)
[2026-05-04T15:19:27.066Z] GET https://docs.openclaw.ai/tools/browser-login?_rsc=1wi3a → 200 (52ms, ?B)
[2026-05-04T15:19:27.068Z] GET https://docs.openclaw.ai/tools/web-fetch?_rsc=1wi3a → 200 (50ms, ?B)
[2026-05-04T15:19:27.153Z] GET https://docs.openclaw.ai/tools/web?_rsc=1wi3a → pending (?ms, ?B)
[2026-05-04T15:19:27.166Z] GET https://docs.openclaw.ai/tools/brave-search?_rsc=1wi3a → pending (?ms, ?B)
[2026-05-04T15:19:27.170Z] GET https://docs.openclaw.ai/plugins/codex-harness?_rsc=1wi3a → pending (?ms, ?B)
[2026-05-04T15:19:27.353Z] GET https://docs.openclaw.ai/tools/plugin?_rsc=1wi3a → pending (?ms, ?B)
[2026-05-04T15:19:27.484Z] GET https://docs.openclaw.ai/plugins/community?_rsc=1wi3a → pending (?ms, ?B)
[2026-05-04T15:19:27.627Z] GET https://docs.openclaw.ai/plugins/voice-call?_rsc=1wi3a → 200 (52ms, ?B)
[2026-05-04T15:19:27.627Z] GET https://docs.openclaw.ai/plugins/webhooks?_rsc=1wi3a → 200 (52ms, ?B)
[2026-05-04T15:19:27.627Z] GET https://docs.openclaw.ai/plugins/dependency-resolution?_rsc=1wi3a → 200 (54ms, ?B)
[2026-05-04T15:19:27.642Z] GET https://docs.openclaw.ai/plugins/manage-plugins?_rsc=1wi3a → 200 (226ms, ?B)
[2026-05-04T15:19:27.662Z] GET https://docs.openclaw.ai/plugins/google-meet?_rsc=1wi3a → 200 (220ms, 7107189B)
[2026-05-04T15:19:27.868Z] GET https://docs.openclaw.ai/?_rsc=1wi3a → 200 (21ms, ?B)
[2026-05-04T15:19:27.868Z] GET https://docs.openclaw.ai/install?_rsc=1st8i → 200 (23ms, ?B)
[2026-05-04T15:19:27.874Z] GET https://docs.openclaw.ai/channels?_rsc=1st8i → 200 (67ms, ?B)
[2026-05-04T15:19:27.888Z] GET https://docs.openclaw.ai/concepts/architecture?_rsc=1st8i → 200 (72ms, 6151696B)
[2026-05-04T15:19:27.897Z] GET https://docs.openclaw.ai/tools?_rsc=1st8i → 200 (63ms, 6208704B)
[2026-05-04T15:19:27.923Z] GET https://docs.openclaw.ai/providers?_rsc=1st8i → 200 (55ms, ?B)
[2026-05-04T15:19:27.938Z] GET https://docs.openclaw.ai/platforms?_rsc=1st8i → 200 (66ms, ?B)
[2026-05-04T15:19:27.978Z] GET https://docs.openclaw.ai/gateway?_rsc=1st8i → 200 (65ms, ?B)
[2026-05-04T15:19:27.990Z] GET https://docs.openclaw.ai/cli?_rsc=1st8i → 200 (56ms, ?B)
[2026-05-04T15:19:27.993Z] GET https://docs.openclaw.ai/help?_rsc=1st8i → 200 (53ms, ?B)
[2026-05-04T15:19:28.009Z] GET https://docs.openclaw.ai/plugins/reference?_rsc=1wi3a → 200 (245ms, ?B)
[2026-05-04T15:19:28.254Z] GET https://docs.openclaw.ai/plugins/bundles?_rsc=1wi3a → 200 (15ms, ?B)
[2026-05-04T15:19:28.254Z] GET https://docs.openclaw.ai/plugins/codex-computer-use?_rsc=1wi3a → 200 (33ms, ?B)
[2026-05-04T15:19:28.254Z] GET https://docs.openclaw.ai/plugins/plugin-inventory?_rsc=1wi3a → 200 (322ms, ?B)
[2026-05-04T15:19:28.254Z] GET https://docs.openclaw.ai/tools/skills-config?_rsc=1wi3a → 200 (322ms, ?B)
[2026-05-04T15:19:28.260Z] GET https://docs.openclaw.ai/automation/tasks?_rsc=1wi3a → 200 (332ms, ?B)
[2026-05-04T15:19:28.576Z] GET https://docs.openclaw.ai/automation/cron-jobs?_rsc=1wi3a → 200 (31ms, ?B)
[2026-05-04T15:19:28.591Z] GET https://docs.openclaw.ai/prose?_rsc=1wi3a → pending (?ms, ?B)
[2026-05-04T15:19:28.594Z] GET https://docs.openclaw.ai/tools/slash-commands?_rsc=1wi3a → pending (?ms, ?B)
[2026-05-04T15:19:28.607Z] GET https://docs.openclaw.ai/automation?_rsc=1wi3a → pending (?ms, ?B)
[2026-05-04T15:19:28.790Z] GET https://docs.openclaw.ai/tools/creating-skills?_rsc=1wi3a → 200 (20ms, ?B)
[2026-05-04T15:19:28.790Z] GET https://docs.openclaw.ai/automation/standing-orders?_rsc=1wi3a → 200 (38ms, 6234963B)
[2026-05-04T15:19:28.799Z] GET https://docs.openclaw.ai/tools/skills?_rsc=1wi3a → 200 (76ms, ?B)
[2026-05-04T15:19:28.806Z] GET https://docs.openclaw.ai/automation/taskflow?_rsc=1wi3a → 200 (68ms, ?B)
[2026-05-04T15:19:31.948Z] POST https://docs.openclaw.ai/_mintlify/api/v1/e → 202 (162ms, 16B)
